,n1,rel,n2
0,able.a.01,antonym,unable.a.01
1,unable.a.01,antonym,able.a.01
2,abaxial.a.01,antonym,adaxial.a.01
3,abaxial.a.01,antonym,adaxial.a.01
4,adaxial.a.01,antonym,abaxial.a.01
5,adaxial.a.01,antonym,abaxial.a.01
6,acroscopic.a.01,antonym,basiscopic.a.01
7,basiscopic.a.01,antonym,acroscopic.a.01
8,abducent.a.01,antonym,adducent.a.01
9,abducent.a.01,antonym,adducent.a.01
10,adducent.a.01,antonym,abducent.a.01
11,adducent.a.01,antonym,abducent.a.01
12,adducent.a.01,antonym,abducent.a.01
13,nascent.a.01,antonym,dying.a.01
14,nascent.a.01,antonym,moribund.s.02
15,nascent.a.01,antonym,last.s.05
16,dying.a.01,antonym,nascent.a.01
17,dying.a.01,antonym,emergent.s.02
18,dying.a.01,antonym,parturient.s.02
19,dying.a.01,antonym,emergent.s.02
20,dying.a.01,antonym,dissilient.s.01
21,abridged.a.01,antonym,full-length.s.02
22,abridged.a.01,antonym,full-length.s.02
23,abridged.a.01,antonym,unabridged.a.01
24,unabridged.a.01,antonym,abridged.a.01
25,unabridged.a.01,antonym,potted.s.03
26,unabridged.a.01,antonym,half-length.s.02
27,unabridged.a.01,antonym,cut.s.03
28,unabridged.a.01,antonym,cut.s.03
29,absolute.a.01,antonym,relational.s.01
30,absolute.a.01,antonym,relative.a.01
31,relative.a.01,antonym,direct.s.10
32,relative.a.01,antonym,direct.s.10
33,relative.a.01,antonym,infinite.s.04
34,relative.a.01,antonym,infinite.s.04
35,relative.a.01,antonym,living.s.03
36,relative.a.01,antonym,living.s.03
37,relative.a.01,antonym,implicit.s.02
38,relative.a.01,antonym,implicit.s.02
39,relative.a.01,antonym,absolute.a.01
40,relative.a.01,antonym,absolute.a.01
41,relative.a.01,antonym,implicit.s.02
42,relative.a.01,antonym,implicit.s.02
43,absorbent.a.01,antonym,nonabsorbent.a.01
44,absorbent.a.01,antonym,nonabsorbent.a.01
45,absorbent.a.01,antonym,repellent.s.03
46,absorbent.a.01,antonym,repellent.s.03
47,absorbent.a.01,antonym,repellent.s.03
48,absorbent.a.01,antonym,repellent.s.03
49,nonabsorbent.a.01,antonym,spongy.s.02
50,nonabsorbent.a.01,antonym,spongy.s.02
51,nonabsorbent.a.01,antonym,absorbent.a.01
52,nonabsorbent.a.01,antonym,absorbent.a.01
53,nonabsorbent.a.01,antonym,assimilating.s.01
54,nonabsorbent.a.01,antonym,assimilating.s.01
55,nonabsorbent.a.01,antonym,hygroscopic.s.01
56,nonabsorbent.a.01,antonym,hygroscopic.s.01
57,nonabsorbent.a.01,antonym,receptive.s.04
58,nonabsorbent.a.01,antonym,receptive.s.04
59,nonabsorbent.a.01,antonym,assimilating.s.01
60,nonabsorbent.a.01,antonym,assimilating.s.01
61,nonabsorbent.a.01,antonym,thirsty.s.04
62,nonabsorbent.a.01,antonym,thirsty.s.04
63,nonabsorbent.a.01,antonym,assimilating.s.01
64,nonabsorbent.a.01,antonym,assimilating.s.01
65,nonabsorbent.a.01,antonym,shock-absorbent.s.01
66,nonabsorbent.a.01,antonym,shock-absorbent.s.01
67,nonabsorbent.a.01,antonym,absorbefacient.s.01
68,nonabsorbent.a.01,antonym,absorbefacient.s.01
69,nonabsorbent.a.01,antonym,absorbefacient.s.01
70,nonabsorbent.a.01,antonym,absorbefacient.s.01
71,nonabsorbent.a.01,antonym,spongy.s.02
72,nonabsorbent.a.01,antonym,spongy.s.02
73,adsorbent.a.01,antonym,nonadsorbent.a.01
74,adsorbent.a.01,antonym,nonadsorbent.a.01
75,adsorbent.a.01,antonym,nonadsorbent.a.01
76,nonadsorbent.a.01,antonym,chemisorptive.s.01
77,nonadsorbent.a.01,antonym,chemisorptive.s.01
78,nonadsorbent.a.01,antonym,adsorbent.a.01
79,nonadsorbent.a.01,antonym,adsorbent.a.01
80,nonadsorbent.a.01,antonym,chemisorptive.s.01
81,nonadsorbent.a.01,antonym,chemisorptive.s.01
82,absorbable.a.01,antonym,adsorbable.a.01
83,adsorbable.a.01,antonym,absorbable.a.01
84,adsorbable.a.01,antonym,absorbable.a.01
85,abstemious.a.01,antonym,hoggish.s.01
86,abstemious.a.01,antonym,hoggish.s.01
87,abstemious.a.01,antonym,overgreedy.s.01
88,abstemious.a.01,antonym,overgreedy.s.01
89,abstemious.a.01,antonym,edacious.s.01
90,abstemious.a.01,antonym,edacious.s.01
91,abstemious.a.01,antonym,gluttonous.a.01
92,abstemious.a.01,antonym,edacious.s.01
93,abstemious.a.01,antonym,crapulent.s.01
94,abstemious.a.01,antonym,hoggish.s.01
95,abstemious.a.01,antonym,edacious.s.01
96,abstemious.a.01,antonym,crapulent.s.01
97,abstemious.a.01,antonym,hoggish.s.01
98,abstemious.a.01,antonym,edacious.s.01
99,abstemious.a.01,antonym,edacious.s.01
100,abstemious.a.01,antonym,hoggish.s.01
101,abstemious.a.01,antonym,greedy.s.03
102,abstemious.a.01,antonym,edacious.s.01
103,gluttonous.a.01,antonym,abstemious.a.01
104,gluttonous.a.01,antonym,ascetic.s.02
105,gluttonous.a.01,antonym,abstinent.s.01
106,gluttonous.a.01,antonym,abstinent.s.01
107,gluttonous.a.01,antonym,ascetic.s.02
108,gluttonous.a.01,antonym,ascetic.s.02
109,gluttonous.a.01,antonym,ascetic.s.02
110,abstract.a.01,antonym,concrete.a.01
111,abstract.a.01,antonym,real.s.04
112,abstract.a.01,antonym,objective.s.04
113,abstract.a.01,antonym,real.s.04
114,concrete.a.01,antonym,conceptual.s.01
115,concrete.a.01,antonym,abstract.a.01
116,concrete.a.01,antonym,ideal.s.02
117,concrete.a.01,antonym,conceptional.s.01
118,concrete.a.01,antonym,conceptional.s.01
119,concrete.a.01,antonym,ideological.s.02
120,concrete.a.01,antonym,conceptional.s.01
121,concrete.a.01,antonym,ideological.s.02
122,abundant.a.01,antonym,scarce.a.01
123,abundant.a.01,antonym,rare.s.03
124,abundant.a.01,antonym,tight.s.06
125,scarce.a.01,antonym,exuberant.s.03
126,scarce.a.01,antonym,abounding.s.01
127,scarce.a.01,antonym,torrential.s.03
128,scarce.a.01,antonym,overabundant.s.01
129,scarce.a.01,antonym,overabundant.s.01
130,scarce.a.01,antonym,exuberant.s.03
131,scarce.a.01,antonym,rank.s.05
132,scarce.a.01,antonym,exuberant.s.03
133,scarce.a.01,antonym,ample.s.02
134,scarce.a.01,antonym,exuberant.s.03
135,scarce.a.01,antonym,exuberant.s.03
136,scarce.a.01,antonym,easy.s.12
137,scarce.a.01,antonym,copious.s.01
138,scarce.a.01,antonym,long.s.09
139,scarce.a.01,antonym,ample.s.02
140,scarce.a.01,antonym,rampant.s.03
141,scarce.a.01,antonym,abundant.a.01
142,scarce.a.01,antonym,ample.s.02
143,scarce.a.01,antonym,ample.s.02
144,scarce.a.01,antonym,ample.s.02
145,scarce.a.01,antonym,thick.s.10
146,scarce.a.01,antonym,overabundant.s.01
147,scarce.a.01,antonym,abounding.s.01
148,scarce.a.01,antonym,teeming.s.01
149,scarce.a.01,antonym,verdant.s.01
150,scarce.a.01,antonym,superabundant.s.01
151,abused.a.02,antonym,unabused.a.01
152,abused.a.02,antonym,unabused.a.01
153,abused.a.02,antonym,unabused.a.01
154,abused.a.02,antonym,unabused.a.01
155,unabused.a.01,antonym,abused.a.02
156,unabused.a.01,antonym,battered.s.03
157,acceptable.a.01,antonym,unacceptable.a.02
158,acceptable.a.01,antonym,exceptionable.s.01
159,acceptable.a.01,antonym,exceptionable.s.01
160,unacceptable.a.02,antonym,unexceptionable.s.01
161,unacceptable.a.02,antonym,acceptable.a.01
162,unacceptable.a.02,antonym,unexceptionable.s.01
163,unacceptable.a.02,antonym,bankable.s.02
164,unacceptable.a.02,antonym,unobjectionable.s.03
165,accessible.a.01,antonym,unapproachable.s.02
166,accessible.a.01,antonym,un-come-at-able.s.01
167,accessible.a.01,antonym,pathless.s.01
168,accessible.a.01,antonym,inaccessible.a.01
169,accessible.a.01,antonym,pathless.s.01
170,accessible.a.01,antonym,unapproachable.s.02
171,accessible.a.01,antonym,pathless.s.01
172,accessible.a.01,antonym,un-come-at-able.s.01
173,accessible.a.01,antonym,pathless.s.01
174,accessible.a.01,antonym,un-come-at-able.s.01
175,accessible.a.01,antonym,outback.s.01
176,accessible.a.01,antonym,unapproachable.s.02
177,accessible.a.01,antonym,pathless.s.01
178,accessible.a.01,antonym,unapproachable.s.02
179,accessible.a.01,antonym,outback.s.01
180,accessible.a.01,antonym,pathless.s.01
181,inaccessible.a.01,antonym,come-at-able.s.02
182,inaccessible.a.01,antonym,come-at-able.s.02
183,inaccessible.a.01,antonym,approachable.s.03
184,inaccessible.a.01,antonym,approachable.s.03
185,inaccessible.a.01,antonym,come-at-able.s.02
186,inaccessible.a.01,antonym,come-at-able.s.02
187,inaccessible.a.01,antonym,handy.s.01
188,inaccessible.a.01,antonym,handy.s.01
189,inaccessible.a.01,antonym,accessible.a.01
190,inaccessible.a.01,antonym,accessible.a.01
191,inaccessible.a.01,antonym,come-at-able.s.02
192,inaccessible.a.01,antonym,come-at-able.s.02
193,inaccessible.a.01,antonym,approachable.s.03
194,inaccessible.a.01,antonym,approachable.s.03
195,inaccessible.a.01,antonym,handy.s.01
196,inaccessible.a.01,antonym,handy.s.01
197,accommodating.a.01,antonym,unaccommodating.a.01
198,accommodating.a.01,antonym,unaccommodating.a.01
199,accommodating.a.01,antonym,disobliging.s.01
200,accommodating.a.01,antonym,disobliging.s.01
201,accommodating.a.01,antonym,disobliging.s.01
202,accommodating.a.01,antonym,disobliging.s.01
203,unaccommodating.a.01,antonym,accommodating.a.01
204,unaccommodating.a.01,antonym,accommodating.a.01
205,unaccommodating.a.01,antonym,complaisant.s.01
206,unaccommodating.a.01,antonym,complaisant.s.01
207,unaccommodating.a.01,antonym,complaisant.s.01
208,unaccommodating.a.01,antonym,complaisant.s.01
209,accurate.a.01,antonym,inaccurate.a.01
210,accurate.a.01,antonym,wide.s.07
211,accurate.a.01,antonym,faulty.s.02
212,accurate.a.01,antonym,wide.s.07
213,accurate.a.01,antonym,away.s.03
214,accurate.a.01,antonym,faulty.s.02
215,accurate.a.01,antonym,faulty.s.02
216,accurate.a.01,antonym,unfaithful.s.04
217,accurate.a.01,antonym,away.s.03
218,inaccurate.a.01,antonym,close.s.05
219,inaccurate.a.01,antonym,high-fidelity.s.01
220,inaccurate.a.01,antonym,surgical.s.03
221,inaccurate.a.01,antonym,true.s.02
222,inaccurate.a.01,antonym,close.s.05
223,inaccurate.a.01,antonym,accurate.a.01
224,inaccurate.a.01,antonym,high-fidelity.s.01
225,inaccurate.a.01,antonym,veracious.s.02
226,inaccurate.a.01,antonym,dead-on.s.01
227,inaccurate.a.01,antonym,straight.s.05
228,inaccurate.a.01,antonym,veracious.s.02
229,inaccurate.a.01,antonym,true.s.02
230,accustomed.a.01,antonym,unused.s.04
231,accustomed.a.01,antonym,new.s.11
232,accustomed.a.01,antonym,unaccustomed.a.01
233,unaccustomed.a.01,antonym,used_to.s.01
234,unaccustomed.a.01,antonym,used_to.s.01
235,unaccustomed.a.01,antonym,accustomed.a.01
236,acidic.a.01,antonym,alkalescent.s.01
237,acidic.a.01,antonym,base-forming.s.01
238,acidic.a.01,antonym,alkalescent.s.01
239,acidic.a.01,antonym,alkaline.a.01
240,acidic.a.01,antonym,amphoteric.a.01
241,acidic.a.01,antonym,basic.s.04
242,acidic.a.01,antonym,saltlike.s.01
243,alkaline.a.01,antonym,acid.s.03
244,alkaline.a.01,antonym,acid.s.03
245,alkaline.a.01,antonym,acidic.a.01
246,alkaline.a.01,antonym,acidic.a.01
247,alkaline.a.01,antonym,amphoteric.a.01
248,alkaline.a.01,antonym,amphoteric.a.01
249,alkaline.a.01,antonym,acid-forming.s.01
250,alkaline.a.01,antonym,acid-forming.s.01
251,amphoteric.a.01,antonym,alkaline.a.01
252,amphoteric.a.01,antonym,alkaline.a.01
253,amphoteric.a.01,antonym,base-forming.s.01
254,amphoteric.a.01,antonym,base-forming.s.01
255,amphoteric.a.01,antonym,basic.s.04
256,amphoteric.a.01,antonym,basic.s.04
257,amphoteric.a.01,antonym,saltlike.s.01
258,amphoteric.a.01,antonym,saltlike.s.01
259,amphoteric.a.01,antonym,alkalescent.s.01
260,amphoteric.a.01,antonym,alkalescent.s.01
261,amphoteric.a.01,antonym,acid.s.03
262,amphoteric.a.01,antonym,acid.s.03
263,amphoteric.a.01,antonym,alkalescent.s.01
264,amphoteric.a.01,antonym,alkalescent.s.01
265,amphoteric.a.01,antonym,acidic.a.01
266,amphoteric.a.01,antonym,acidic.a.01
267,amphoteric.a.01,antonym,acid-forming.s.01
268,amphoteric.a.01,antonym,acid-forming.s.01
269,acid-loving.a.01,antonym,alkaline-loving.a.01
270,alkaline-loving.a.01,antonym,acid-loving.a.01
271,alkaline-loving.a.01,antonym,acidophilic.s.01
272,alkaline-loving.a.01,antonym,acidophilic.s.01
273,alkaline-loving.a.01,antonym,acidophilic.s.01
274,acknowledged.a.01,antonym,unconfessed.s.01
275,acknowledged.a.01,antonym,unavowed.s.03
276,acknowledged.a.01,antonym,unavowed.s.03
277,acknowledged.a.01,antonym,unrecognized.s.01
278,acknowledged.a.01,antonym,unappreciated.s.02
279,acknowledged.a.01,antonym,unappreciated.s.02
280,acknowledged.a.01,antonym,unacknowledged.a.01
281,acknowledged.a.01,antonym,unappreciated.s.02
282,acknowledged.a.01,antonym,unrecognized.s.01
283,unacknowledged.a.01,antonym,declarable.s.01
284,unacknowledged.a.01,antonym,accepted.s.01
285,unacknowledged.a.01,antonym,assumptive.s.02
286,unacknowledged.a.01,antonym,given.s.01
287,unacknowledged.a.01,antonym,putative.s.01
288,unacknowledged.a.01,antonym,accepted.s.01
289,unacknowledged.a.01,antonym,acknowledged.a.01
290,unacknowledged.a.01,antonym,self-confessed.s.01
291,unacknowledged.a.01,antonym,accepted.s.01
292,unacknowledged.a.01,antonym,given.s.01
293,acquisitive.a.01,antonym,unacquisitive.a.01
294,unacquisitive.a.01,antonym,possessive.s.02
295,unacquisitive.a.01,antonym,plundering.s.01
296,unacquisitive.a.01,antonym,predaceous.s.02
297,unacquisitive.a.01,antonym,predaceous.s.02
298,unacquisitive.a.01,antonym,rapacious.s.02
299,unacquisitive.a.01,antonym,rapacious.s.02
300,unacquisitive.a.01,antonym,sordid.s.04
301,unacquisitive.a.01,antonym,avaricious.s.01
302,unacquisitive.a.01,antonym,avaricious.s.01
303,unacquisitive.a.01,antonym,avaricious.s.01
304,unacquisitive.a.01,antonym,avaricious.s.01
305,unacquisitive.a.01,antonym,accumulative.s.02
306,unacquisitive.a.01,antonym,predaceous.s.02
307,unacquisitive.a.01,antonym,rapacious.s.02
308,unacquisitive.a.01,antonym,acquisitive.a.01
309,unacquisitive.a.01,antonym,avaricious.s.01
310,unacquisitive.a.01,antonym,avaricious.s.01
311,acropetal.a.01,antonym,basipetal.a.01
312,basipetal.a.01,antonym,acropetal.a.01
313,active.a.05,antonym,inert.s.03
314,active.a.05,antonym,hypoactive.s.01
315,active.a.05,antonym,desk-bound.s.01
316,active.a.05,antonym,inert.s.03
317,active.a.05,antonym,abeyant.s.01
318,active.a.05,antonym,hypoactive.s.01
319,active.a.05,antonym,sedentary.s.01
320,active.a.05,antonym,inert.s.03
321,active.a.05,antonym,abeyant.s.01
322,active.a.05,antonym,desk-bound.s.01
323,active.a.05,antonym,inert.s.03
324,active.a.05,antonym,inactive.a.09
325,inactive.a.09,antonym,active.a.05
326,inactive.a.09,antonym,sporty.s.03
327,inactive.a.09,antonym,agile.s.01
328,inactive.a.09,antonym,about.s.01
329,inactive.a.09,antonym,acrobatic.s.01
330,inactive.a.09,antonym,acrobatic.s.01
331,inactive.a.09,antonym,agile.s.01
332,inactive.a.09,antonym,hot.s.21
333,inactive.a.09,antonym,hyperactive.s.01
334,inactive.a.09,antonym,about.s.01
335,inactive.a.09,antonym,hyperactive.s.01
336,inactive.a.09,antonym,agile.s.01
337,inactive.a.09,antonym,acrobatic.s.01
338,inactive.a.09,antonym,on_the_go.s.01
339,inactive.a.09,antonym,agile.s.01
340,active.a.14,antonym,off.s.05
341,active.a.14,antonym,retired.s.01
342,active.a.14,antonym,inactive.a.08
343,inactive.a.08,antonym,active.a.14
344,inactive.a.08,antonym,activated.s.04
345,active.a.07,antonym,idle.s.03
346,active.a.07,antonym,dead.s.17
347,active.a.07,antonym,dull.s.08
348,active.a.07,antonym,strikebound.s.01
349,active.a.07,antonym,idle.s.03
350,active.a.07,antonym,dull.s.08
351,active.a.07,antonym,dark.s.11
352,active.a.07,antonym,dull.s.08
353,active.a.07,antonym,inactive.a.07
354,inactive.a.07,antonym,open.s.21
355,inactive.a.07,antonym,bustling.s.01
356,inactive.a.07,antonym,active.a.07
357,inactive.a.07,antonym,busy.s.04
358,inactive.a.07,antonym,brisk.s.03
359,inactive.a.07,antonym,springy.s.02
360,inactive.a.07,antonym,going.s.01
361,active.a.01,antonym,dead-end.s.01
362,active.a.01,antonym,indolent.s.02
363,active.a.01,antonym,quiescent.s.04
364,active.a.01,antonym,flat.s.15
365,active.a.01,antonym,latent.s.02
366,active.a.01,antonym,inactive.a.02
367,inactive.a.02,antonym,progressive.s.06
368,inactive.a.02,antonym,active.a.01
369,active.a.03,antonym,hands-off.s.01
370,active.a.03,antonym,passive.a.01
371,active.a.03,antonym,resistless.s.02
372,active.a.03,antonym,resistless.s.02
373,active.a.03,antonym,resistless.s.02
374,passive.a.01,antonym,proactive.s.02
375,passive.a.01,antonym,proactive.s.02
376,passive.a.01,antonym,active.a.03
377,passive.a.01,antonym,active.a.03
378,passive.a.01,antonym,activist.s.01
379,passive.a.01,antonym,activist.s.01
380,passive.a.01,antonym,activist.s.01
381,passive.a.01,antonym,activist.s.01
382,passive.a.01,antonym,hands-on.s.01
383,passive.a.01,antonym,hands-on.s.01
384,active.a.13,antonym,dormant.a.02
385,active.a.13,antonym,quiescent.s.03
386,dormant.a.02,antonym,eruptive.s.03
387,dormant.a.02,antonym,eruptive.s.03
388,dormant.a.02,antonym,active.a.13
389,dormant.a.02,antonym,active.a.13
390,extinct.a.02,antonym,active.a.12
391,extinct.a.02,antonym,alive.s.07
392,extinct.a.02,antonym,alive.s.07
393,active.a.12,antonym,dead.s.05
394,active.a.12,antonym,extinct.a.02
395,active.a.11,antonym,stative.a.01
396,active.a.11,antonym,stative.a.01
397,stative.a.01,antonym,active.a.11
398,active.a.10,antonym,passive.a.03
399,passive.a.03,antonym,active.a.10
400,active.a.06,antonym,quiescent.s.01
401,active.a.06,antonym,inactive.a.04
402,inactive.a.04,antonym,active.a.06
403,inactive.a.04,antonym,counteractive.s.01
404,inactive.a.04,antonym,activated.s.03
405,inactive.a.04,antonym,surface-active.s.01
406,active.a.09,antonym,quiet.a.06
407,quiet.a.06,antonym,active.a.09
408,actual.a.01,antonym,potential.a.01
409,actual.a.01,antonym,potential.a.01
410,actual.a.01,antonym,latent.s.01
411,actual.a.01,antonym,latent.s.01
412,potential.a.01,antonym,effective.s.05
413,potential.a.01,antonym,effective.s.05
414,potential.a.01,antonym,actual.a.01
415,potential.a.01,antonym,actual.a.01
416,acute.a.01,antonym,chronic.a.01
417,acute.a.01,antonym,degenerative.s.01
418,chronic.a.01,antonym,acute.a.01
419,chronic.a.01,antonym,subacute.s.01
420,virulent.a.02,antonym,avirulent.a.01
421,avirulent.a.01,antonym,highly_infective.s.01
422,avirulent.a.01,antonym,deadly.s.06
423,avirulent.a.01,antonym,virulent.a.02
424,adaptive.a.01,antonym,maladjustive.s.01
425,adaptive.a.01,antonym,maladjustive.s.01
426,adaptive.a.01,antonym,maladaptive.a.01
427,adaptive.a.01,antonym,maladaptive.a.01
428,adaptive.a.01,antonym,dysfunctional.s.02
429,adaptive.a.01,antonym,dysfunctional.s.02
430,adaptive.a.01,antonym,dysfunctional.s.02
431,adaptive.a.01,antonym,dysfunctional.s.02
432,maladaptive.a.01,antonym,adaptational.s.01
433,maladaptive.a.01,antonym,accommodative.s.03
434,maladaptive.a.01,antonym,adjustive.s.01
435,maladaptive.a.01,antonym,adaptive.a.01
436,maladaptive.a.01,antonym,accommodative.s.03
437,addicted.a.01,antonym,unaddicted.a.01
438,addicted.a.01,antonym,clean.s.18
439,unaddicted.a.01,antonym,alcoholic.s.02
440,unaddicted.a.01,antonym,dependent.s.06
441,unaddicted.a.01,antonym,dependent.s.06
442,unaddicted.a.01,antonym,alcoholic.s.02
443,unaddicted.a.01,antonym,dependent.s.06
444,unaddicted.a.01,antonym,addicted.a.01
445,unaddicted.a.01,antonym,dependent.s.06
446,unaddicted.a.01,antonym,dependent.s.06
447,addictive.a.01,antonym,nonaddictive.a.01
448,addictive.a.01,antonym,nonaddictive.a.01
449,nonaddictive.a.01,antonym,addictive.a.01
450,additive.a.02,antonym,reductive.s.01
451,additive.a.02,antonym,ablative.s.02
452,additive.a.02,antonym,subtractive.a.01
453,subtractive.a.01,antonym,addable.s.01
454,subtractive.a.01,antonym,intercalary.s.01
455,subtractive.a.01,antonym,complemental.s.01
456,subtractive.a.01,antonym,addable.s.01
457,subtractive.a.01,antonym,extra.s.03
458,subtractive.a.01,antonym,incremental.s.01
459,subtractive.a.01,antonym,complemental.s.01
460,subtractive.a.01,antonym,additive.a.02
461,subtractive.a.01,antonym,supplementary.s.02
462,subtractive.a.01,antonym,summational.s.01
463,subtractive.a.01,antonym,supplementary.s.02
464,subtractive.a.01,antonym,accumulative.s.01
465,subtractive.a.01,antonym,complemental.s.01
466,subtractive.a.01,antonym,extra.s.03
467,subtractive.a.01,antonym,summational.s.01
468,subtractive.a.01,antonym,accumulative.s.01
469,addressed.a.01,antonym,unaddressed.a.01
470,unaddressed.a.01,antonym,addressed.a.01
471,unaddressed.a.01,antonym,self-addressed.s.01
472,adequate.a.01,antonym,incapable.s.04
473,adequate.a.01,antonym,incapable.s.04
474,adequate.a.01,antonym,deficient.s.01
475,adequate.a.01,antonym,deficient.s.01
476,adequate.a.01,antonym,incapable.s.04
477,adequate.a.01,antonym,incapable.s.04
478,adequate.a.01,antonym,incapable.s.04
479,adequate.a.01,antonym,incapable.s.04
480,adequate.a.01,antonym,short-handed.s.01
481,adequate.a.01,antonym,short-handed.s.01
482,adequate.a.01,antonym,short-handed.s.01
483,adequate.a.01,antonym,short-handed.s.01
484,adequate.a.01,antonym,inadequate.a.01
485,adequate.a.01,antonym,inadequate.a.01
486,adequate.a.01,antonym,short-handed.s.01
487,adequate.a.01,antonym,short-handed.s.01
488,adequate.a.01,antonym,deficient.s.01
489,adequate.a.01,antonym,deficient.s.01
490,adequate.a.01,antonym,deficient.s.01
491,adequate.a.01,antonym,deficient.s.01
492,adequate.a.01,antonym,short-handed.s.01
493,adequate.a.01,antonym,short-handed.s.01
494,inadequate.a.01,antonym,adequate.a.01
495,inadequate.a.01,antonym,adequate.a.01
496,inadequate.a.01,antonym,competent.s.02
497,inadequate.a.01,antonym,competent.s.02
498,inadequate.a.01,antonym,adequate_to.s.01
499,inadequate.a.01,antonym,adequate_to.s.01
500,inadequate.a.01,antonym,adequate_to.s.01
501,inadequate.a.01,antonym,adequate_to.s.01
502,inadequate.a.01,antonym,adequate_to.s.01
503,inadequate.a.01,antonym,adequate_to.s.01
504,inadequate.a.01,antonym,adequate_to.s.01
505,inadequate.a.01,antonym,adequate_to.s.01
506,adhesive.a.01,antonym,nonadhesive.a.01
507,adhesive.a.01,antonym,nonglutinous.s.01
508,adhesive.a.01,antonym,nonresinous.s.01
509,adhesive.a.01,antonym,nonglutinous.s.01
510,adhesive.a.01,antonym,nonresinous.s.01
511,adhesive.a.01,antonym,nonresinous.s.01
512,adhesive.a.01,antonym,ungummed.s.01
513,adhesive.a.01,antonym,nonresinous.s.01
514,nonadhesive.a.01,antonym,cohesive.s.01
515,nonadhesive.a.01,antonym,gluey.s.01
516,nonadhesive.a.01,antonym,coherent.s.04
517,nonadhesive.a.01,antonym,agglutinate.s.01
518,nonadhesive.a.01,antonym,gluey.s.01
519,nonadhesive.a.01,antonym,gluey.s.01
520,nonadhesive.a.01,antonym,gluey.s.01
521,nonadhesive.a.01,antonym,gum-like.s.01
522,nonadhesive.a.01,antonym,adherent.s.01
523,nonadhesive.a.01,antonym,pitchy.s.02
524,nonadhesive.a.01,antonym,self-sealing.s.02
525,nonadhesive.a.01,antonym,gluey.s.01
526,nonadhesive.a.01,antonym,gooey.s.01
527,nonadhesive.a.01,antonym,gluey.s.01
528,nonadhesive.a.01,antonym,stick-on.s.01
529,nonadhesive.a.01,antonym,adhesive.a.01
530,nonadhesive.a.01,antonym,pitchy.s.02
531,nonadhesive.a.01,antonym,bondable.s.02
532,nonadhesive.a.01,antonym,gluey.s.01
533,nonadhesive.a.01,antonym,gooey.s.01
534,nonadhesive.a.01,antonym,gummed.s.01
535,nonadhesive.a.01,antonym,agglutinate.s.01
536,nonadhesive.a.01,antonym,pitchy.s.02
537,nonadhesive.a.01,antonym,gluey.s.01
538,nonadhesive.a.01,antonym,coherent.s.04
539,nonadhesive.a.01,antonym,pitchy.s.02
540,adjective.a.02,antonym,substantive.a.02
541,adjective.a.02,antonym,substantive.a.02
542,substantive.a.02,antonym,adjective.a.02
543,substantive.a.02,antonym,adjective.a.02
544,adoptable.a.01,antonym,unadoptable.a.01
545,unadoptable.a.01,antonym,adoptable.a.01
546,adorned.a.01,antonym,plain.s.06
547,adorned.a.01,antonym,plain.s.06
548,adorned.a.01,antonym,plain.s.06
549,adorned.a.01,antonym,plain.s.06
550,adorned.a.01,antonym,unadorned.a.01
551,adorned.a.01,antonym,unadorned.a.01
552,adorned.a.01,antonym,plain.s.06
553,adorned.a.01,antonym,plain.s.06
554,adorned.a.01,antonym,untufted.s.01
555,adorned.a.01,antonym,untufted.s.01
556,adorned.a.01,antonym,plain.s.06
557,adorned.a.01,antonym,plain.s.06
558,adorned.a.01,antonym,plain.s.06
559,adorned.a.01,antonym,plain.s.06
560,unadorned.a.01,antonym,beady.s.02
561,unadorned.a.01,antonym,beady.s.02
562,unadorned.a.01,antonym,beady.s.02
563,unadorned.a.01,antonym,beady.s.02
564,unadorned.a.01,antonym,tasseled.s.01
565,unadorned.a.01,antonym,tasseled.s.01
566,unadorned.a.01,antonym,feathery.s.03
567,unadorned.a.01,antonym,feathery.s.03
568,unadorned.a.01,antonym,tessellated.s.02
569,unadorned.a.01,antonym,tessellated.s.02
570,unadorned.a.01,antonym,fringed.s.02
571,unadorned.a.01,antonym,fringed.s.02
572,unadorned.a.01,antonym,feathery.s.03
573,unadorned.a.01,antonym,feathery.s.03
574,unadorned.a.01,antonym,beady.s.02
575,unadorned.a.01,antonym,beady.s.02
576,unadorned.a.01,antonym,paneled.s.01
577,unadorned.a.01,antonym,paneled.s.01
578,unadorned.a.01,antonym,carbuncled.s.02
579,unadorned.a.01,antonym,carbuncled.s.02
580,unadorned.a.01,antonym,tasseled.s.01
581,unadorned.a.01,antonym,tasseled.s.01
582,unadorned.a.01,antonym,bespectacled.s.01
583,unadorned.a.01,antonym,bespectacled.s.01
584,unadorned.a.01,antonym,crested.s.03
585,unadorned.a.01,antonym,crested.s.03
586,unadorned.a.01,antonym,feathery.s.03
587,unadorned.a.01,antonym,feathery.s.03
588,unadorned.a.01,antonym,beady.s.02
589,unadorned.a.01,antonym,beady.s.02
590,unadorned.a.01,antonym,beady.s.02
591,unadorned.a.01,antonym,beady.s.02
592,unadorned.a.01,antonym,crested.s.02
593,unadorned.a.01,antonym,crested.s.02
594,unadorned.a.01,antonym,bedaubed.s.01
595,unadorned.a.01,antonym,bedaubed.s.01
596,unadorned.a.01,antonym,clinquant.s.01
597,unadorned.a.01,antonym,clinquant.s.01
598,unadorned.a.01,antonym,brocaded.s.01
599,unadorned.a.01,antonym,brocaded.s.01
600,unadorned.a.01,antonym,beady.s.02
601,unadorned.a.01,antonym,beady.s.02
602,unadorned.a.01,antonym,clinquant.s.01
603,unadorned.a.01,antonym,clinquant.s.01
604,unadorned.a.01,antonym,tricked-out.s.01
605,unadorned.a.01,antonym,tricked-out.s.01
606,unadorned.a.01,antonym,champleve.s.01
607,unadorned.a.01,antonym,champleve.s.01
608,unadorned.a.01,antonym,frilled.s.01
609,unadorned.a.01,antonym,frilled.s.01
610,unadorned.a.01,antonym,inlaid.s.01
611,unadorned.a.01,antonym,inlaid.s.01
612,unadorned.a.01,antonym,paneled.s.01
613,unadorned.a.01,antonym,paneled.s.01
614,unadorned.a.01,antonym,inflamed.s.03
615,unadorned.a.01,antonym,inflamed.s.03
616,unadorned.a.01,antonym,adorned.a.01
617,unadorned.a.01,antonym,adorned.a.01
618,unadorned.a.01,antonym,studded.s.01
619,unadorned.a.01,antonym,studded.s.01
620,unadorned.a.01,antonym,frilled.s.01
621,unadorned.a.01,antonym,frilled.s.01
622,unadorned.a.01,antonym,mounted.s.02
623,unadorned.a.01,antonym,mounted.s.02
624,unadorned.a.01,antonym,buttony.s.02
625,unadorned.a.01,antonym,buttony.s.02
626,unadorned.a.01,antonym,gilt-edged.s.02
627,unadorned.a.01,antonym,gilt-edged.s.02
628,unadorned.a.01,antonym,clinquant.s.01
629,unadorned.a.01,antonym,clinquant.s.01
630,unadorned.a.01,antonym,bespectacled.s.01
631,unadorned.a.01,antonym,bespectacled.s.01
632,unadorned.a.01,antonym,crested.s.01
633,unadorned.a.01,antonym,crested.s.01
634,unadorned.a.01,antonym,champleve.s.01
635,unadorned.a.01,antonym,champleve.s.01
636,unadorned.a.01,antonym,crested.s.02
637,unadorned.a.01,antonym,crested.s.02
638,unadorned.a.01,antonym,beady.s.02
639,unadorned.a.01,antonym,beady.s.02
640,unadorned.a.01,antonym,tapestried.s.01
641,unadorned.a.01,antonym,tapestried.s.01
642,unadorned.a.01,antonym,frilled.s.01
643,unadorned.a.01,antonym,frilled.s.01
644,unadorned.a.01,antonym,inwrought.s.01
645,unadorned.a.01,antonym,inwrought.s.01
646,unadorned.a.01,antonym,crocketed.s.01
647,unadorned.a.01,antonym,crocketed.s.01
648,unadorned.a.01,antonym,brocaded.s.01
649,unadorned.a.01,antonym,brocaded.s.01
650,unadorned.a.01,antonym,brocaded.s.01
651,unadorned.a.01,antonym,brocaded.s.01
652,unadorned.a.01,antonym,bespectacled.s.01
653,unadorned.a.01,antonym,bespectacled.s.01
654,cholinergic.a.01,antonym,anticholinergic.a.01
655,anticholinergic.a.01,antonym,cholinergic.a.01
656,adroit.a.01,antonym,unmechanical.s.01
657,adroit.a.01,antonym,bumbling.s.01
658,adroit.a.01,antonym,bumbling.s.01
659,adroit.a.01,antonym,inept.s.03
660,adroit.a.01,antonym,bumbling.s.01
661,adroit.a.01,antonym,bumbling.s.01
662,adroit.a.01,antonym,bumbling.s.01
663,adroit.a.01,antonym,bumbling.s.01
664,adroit.a.01,antonym,bumbling.s.01
665,adroit.a.01,antonym,inept.s.03
666,adroit.a.01,antonym,uncoordinated.s.02
667,adroit.a.01,antonym,maladroit.a.01
668,adroit.a.01,antonym,unmechanical.s.01
669,adroit.a.01,antonym,bumbling.s.01
670,maladroit.a.01,antonym,adroit.a.01
671,maladroit.a.01,antonym,clever.s.03
672,maladroit.a.01,antonym,clever.s.03
673,maladroit.a.01,antonym,deft.s.01
674,maladroit.a.01,antonym,clever.s.03
675,maladroit.a.01,antonym,deft.s.01
676,maladroit.a.01,antonym,deft.s.01
677,maladroit.a.01,antonym,clean.s.17
678,maladroit.a.01,antonym,coordinated.s.02
679,maladroit.a.01,antonym,clean.s.17
680,maladroit.a.01,antonym,handy.s.03
681,maladroit.a.01,antonym,light-fingered.s.01
682,maladroit.a.01,antonym,quick-witted.s.01
683,maladroit.a.01,antonym,coordinated.s.02
684,maladroit.a.01,antonym,light-fingered.s.01
685,advantageous.a.01,antonym,minus.s.02
686,advantageous.a.01,antonym,disadvantageous.a.01
687,advantageous.a.01,antonym,minus.s.02
688,disadvantageous.a.01,antonym,advantageous.a.01
689,disadvantageous.a.01,antonym,plus.s.02
690,disadvantageous.a.01,antonym,beneficial.s.01
691,disadvantageous.a.01,antonym,discriminatory.s.04
692,disadvantageous.a.01,antonym,plus.s.02
693,disadvantageous.a.01,antonym,discriminatory.s.04
694,disadvantageous.a.01,antonym,beneficial.s.01
695,adventurous.a.01,antonym,unadventurous.a.01
696,adventurous.a.01,antonym,unadventurous.a.01
697,adventurous.a.01,antonym,safe.s.02
698,adventurous.a.01,antonym,safe.s.02
699,unadventurous.a.01,antonym,audacious.s.03
700,unadventurous.a.01,antonym,audacious.s.03
701,unadventurous.a.01,antonym,sporting.s.03
702,unadventurous.a.01,antonym,swaggering.s.02
703,unadventurous.a.01,antonym,swaggering.s.02
704,unadventurous.a.01,antonym,adventurous.a.01
705,unadventurous.a.01,antonym,audacious.s.03
706,unadventurous.a.01,antonym,audacious.s.03
707,advisable.a.01,antonym,inadvisable.a.01
708,inadvisable.a.01,antonym,well.s.03
709,inadvisable.a.01,antonym,well.s.03
710,inadvisable.a.01,antonym,advisable.a.01
711,inadvisable.a.01,antonym,advisable.a.01
712,inadvisable.a.01,antonym,better.s.03
713,inadvisable.a.01,antonym,better.s.03
714,inadvisable.a.01,antonym,better.s.03
715,inadvisable.a.01,antonym,better.s.03
716,well-advised.a.01,antonym,ill-advised.a.01
717,well-advised.a.01,antonym,ill-advised.a.01
718,ill-advised.a.01,antonym,well-advised.a.01
719,ill-advised.a.01,antonym,well-advised.a.01
720,ill-advised.a.01,antonym,considered.s.01
721,ill-advised.a.01,antonym,considered.s.01
722,aerobic.a.01,antonym,anaerobic.a.01
723,aerobic.a.01,antonym,anaerobic.a.01
724,aerobic.a.01,antonym,anaerobic.a.01
725,anaerobic.a.01,antonym,aerobiotic.s.01
726,anaerobic.a.01,antonym,aerobiotic.s.01
727,anaerobic.a.01,antonym,oxidative.s.01
728,anaerobic.a.01,antonym,oxidative.s.01
729,anaerobic.a.01,antonym,aerobic.a.01
730,anaerobic.a.01,antonym,aerobic.a.01
731,aerobic.a.02,antonym,anaerobic.a.02
732,anaerobic.a.02,antonym,aerobic.a.02
733,aesthetic.a.02,antonym,inartistic.s.01
734,aesthetic.a.02,antonym,inartistic.s.01
735,aesthetic.a.02,antonym,inartistic.s.01
736,aesthetic.a.02,antonym,inartistic.s.01
737,aesthetic.a.02,antonym,inartistic.s.01
738,aesthetic.a.02,antonym,inartistic.s.01
739,aesthetic.a.02,antonym,inartistic.s.01
740,aesthetic.a.02,antonym,inartistic.s.01
741,aesthetic.a.02,antonym,inaesthetic.a.01
742,aesthetic.a.02,antonym,inaesthetic.a.01
743,aesthetic.a.02,antonym,inaesthetic.a.01
744,aesthetic.a.02,antonym,inaesthetic.a.01
745,inaesthetic.a.01,antonym,sensuous.s.01
746,inaesthetic.a.01,antonym,sensuous.s.01
747,inaesthetic.a.01,antonym,cosmetic.s.02
748,inaesthetic.a.01,antonym,cosmetic.s.02
749,inaesthetic.a.01,antonym,painterly.s.01
750,inaesthetic.a.01,antonym,painterly.s.01
751,inaesthetic.a.01,antonym,cosmetic.s.02
752,inaesthetic.a.01,antonym,cosmetic.s.02
753,inaesthetic.a.01,antonym,artistic.s.02
754,inaesthetic.a.01,antonym,artistic.s.02
755,inaesthetic.a.01,antonym,aesthetic.a.02
756,inaesthetic.a.01,antonym,aesthetic.a.02
757,affected.a.01,antonym,uninfluenced.s.01
758,affected.a.01,antonym,immune.s.04
759,affected.a.01,antonym,uninfluenced.s.01
760,affected.a.01,antonym,superior.s.07
761,affected.a.01,antonym,unimpressed.s.01
762,affected.a.01,antonym,uninfluenced.s.01
763,affected.a.01,antonym,unaffected.a.01
764,unaffected.a.01,antonym,affected.a.01
765,unaffected.a.01,antonym,stage-struck.s.01
766,unaffected.a.01,antonym,smitten.s.01
767,unaffected.a.01,antonym,taken.s.02
768,unaffected.a.01,antonym,smitten.s.01
769,unaffected.a.01,antonym,smitten.s.01
770,unaffected.a.01,antonym,impressed.s.01
771,unaffected.a.01,antonym,wonder-struck.s.01
772,unaffected.a.01,antonym,subject.s.03
773,affected.a.02,antonym,unselfconscious.s.01
774,affected.a.02,antonym,unselfconscious.s.01
775,affected.a.02,antonym,lifelike.s.02
776,affected.a.02,antonym,lifelike.s.02
777,affected.a.02,antonym,unstilted.s.01
778,affected.a.02,antonym,unstilted.s.01
779,affected.a.02,antonym,lifelike.s.02
780,affected.a.02,antonym,lifelike.s.02
781,affected.a.02,antonym,unmannered.s.02
782,affected.a.02,antonym,unmannered.s.02
783,affected.a.02,antonym,unaffected.a.04
784,affected.a.02,antonym,unaffected.a.04
785,unaffected.a.04,antonym,affected.a.02
786,unaffected.a.04,antonym,artificial.s.02
787,unaffected.a.04,antonym,constrained.s.01
788,unaffected.a.04,antonym,mannered.s.01
789,unaffected.a.04,antonym,artificial.s.02
790,unaffected.a.04,antonym,agonistic.s.03
791,unaffected.a.04,antonym,constrained.s.01
792,unaffected.a.04,antonym,plummy.s.02
793,unaffected.a.04,antonym,artificial.s.02
794,unaffected.a.04,antonym,elocutionary.s.02
795,unaffected.a.04,antonym,agonistic.s.03
796,unaffected.a.04,antonym,artificial.s.02
797,affirmative.a.01,antonym,dissentient.s.02
798,affirmative.a.01,antonym,dissentient.s.02
799,affirmative.a.01,antonym,dissentient.s.02
800,affirmative.a.01,antonym,dissentient.s.02
801,affirmative.a.01,antonym,dissentient.s.02
802,affirmative.a.01,antonym,dissentient.s.02
803,affirmative.a.01,antonym,negative.a.02
804,affirmative.a.01,antonym,negative.a.02
805,negative.a.02,antonym,assentient.s.01
806,negative.a.02,antonym,affirmative.a.01
807,acceptive.a.01,antonym,dismissive.s.02
808,acceptive.a.01,antonym,rejective.a.01
809,acceptive.a.01,antonym,repudiative.s.01
810,rejective.a.01,antonym,accepting.s.01
811,rejective.a.01,antonym,acceptive.a.01
812,afloat.a.02,antonym,aground.a.01
813,aground.a.01,antonym,adrift.s.02
814,aground.a.01,antonym,waterborne.s.02
815,aground.a.01,antonym,afloat.a.02
816,aground.a.01,antonym,floating.s.01
817,afraid.a.01,antonym,unafraid.a.01
818,afraid.a.01,antonym,unfrightened.s.01
819,afraid.a.01,antonym,unblinking.s.02
820,afraid.a.01,antonym,unblinking.s.02
821,afraid.a.01,antonym,unapprehensive.s.01
822,afraid.a.01,antonym,unblinking.s.02
823,afraid.a.01,antonym,unblinking.s.02
824,unafraid.a.01,antonym,acrophobic.s.01
825,unafraid.a.01,antonym,acrophobic.s.01
826,unafraid.a.01,antonym,aghast.s.01
827,unafraid.a.01,antonym,aghast.s.01
828,unafraid.a.01,antonym,panicky.s.01
829,unafraid.a.01,antonym,panicky.s.01
830,unafraid.a.01,antonym,algophobic.s.01
831,unafraid.a.01,antonym,algophobic.s.01
832,unafraid.a.01,antonym,horrified.s.01
833,unafraid.a.01,antonym,horrified.s.01
834,unafraid.a.01,antonym,panicky.s.01
835,unafraid.a.01,antonym,panicky.s.01
836,unafraid.a.01,antonym,horrified.s.01
837,unafraid.a.01,antonym,horrified.s.01
838,unafraid.a.01,antonym,frightened.s.01
839,unafraid.a.01,antonym,frightened.s.01
840,unafraid.a.01,antonym,afeard.s.01
841,unafraid.a.01,antonym,afeard.s.01
842,unafraid.a.01,antonym,aghast.s.01
843,unafraid.a.01,antonym,aghast.s.01
844,unafraid.a.01,antonym,terror-stricken.s.01
845,unafraid.a.01,antonym,terror-stricken.s.01
846,unafraid.a.01,antonym,hangdog.s.02
847,unafraid.a.01,antonym,hangdog.s.02
848,unafraid.a.01,antonym,panicky.s.01
849,unafraid.a.01,antonym,panicky.s.01
850,unafraid.a.01,antonym,frightened.s.01
851,unafraid.a.01,antonym,frightened.s.01
852,unafraid.a.01,antonym,panicky.s.01
853,unafraid.a.01,antonym,panicky.s.01
854,unafraid.a.01,antonym,triskaidekaphobic.s.01
855,unafraid.a.01,antonym,triskaidekaphobic.s.01
856,unafraid.a.01,antonym,hydrophobic.s.02
857,unafraid.a.01,antonym,hydrophobic.s.02
858,unafraid.a.01,antonym,numb.s.03
859,unafraid.a.01,antonym,numb.s.03
860,unafraid.a.01,antonym,agoraphobic.s.01
861,unafraid.a.01,antonym,agoraphobic.s.01
862,unafraid.a.01,antonym,horrified.s.01
863,unafraid.a.01,antonym,horrified.s.01
864,unafraid.a.01,antonym,panicky.s.01
865,unafraid.a.01,antonym,panicky.s.01
866,unafraid.a.01,antonym,white-lipped.s.01
867,unafraid.a.01,antonym,white-lipped.s.01
868,unafraid.a.01,antonym,hunted.s.01
869,unafraid.a.01,antonym,hunted.s.01
870,unafraid.a.01,antonym,apprehensive.s.03
871,unafraid.a.01,antonym,apprehensive.s.03
872,unafraid.a.01,antonym,afraid.a.01
873,unafraid.a.01,antonym,afraid.a.01
874,unafraid.a.01,antonym,xenophobic.s.01
875,unafraid.a.01,antonym,xenophobic.s.01
876,unafraid.a.01,antonym,afeard.s.01
877,unafraid.a.01,antonym,afeard.s.01
878,unafraid.a.01,antonym,claustrophobic.s.02
879,unafraid.a.01,antonym,claustrophobic.s.02
880,unafraid.a.01,antonym,hydrophobic.s.02
881,unafraid.a.01,antonym,hydrophobic.s.02
882,unafraid.a.01,antonym,terror-stricken.s.01
883,unafraid.a.01,antonym,terror-stricken.s.01
884,unafraid.a.01,antonym,shitless.s.01
885,unafraid.a.01,antonym,shitless.s.01
886,unafraid.a.01,antonym,fearful.s.01
887,unafraid.a.01,antonym,fearful.s.01
888,unafraid.a.01,antonym,aghast.s.01
889,unafraid.a.01,antonym,aghast.s.01
890,unafraid.a.01,antonym,unnerved.s.01
891,unafraid.a.01,antonym,unnerved.s.01
892,unafraid.a.01,antonym,mysophobic.s.01
893,unafraid.a.01,antonym,mysophobic.s.01
894,unafraid.a.01,antonym,aghast.s.01
895,unafraid.a.01,antonym,aghast.s.01
896,unafraid.a.01,antonym,alarmed.s.01
897,unafraid.a.01,antonym,alarmed.s.01
898,aggressive.a.01,antonym,unaggressive.a.01
899,aggressive.a.01,antonym,low-pressure.s.01
900,unaggressive.a.01,antonym,battleful.s.01
901,unaggressive.a.01,antonym,battleful.s.01
902,unaggressive.a.01,antonym,predatory.s.02
903,unaggressive.a.01,antonym,predatory.s.02
904,unaggressive.a.01,antonym,predatory.s.02
905,unaggressive.a.01,antonym,predatory.s.02
906,unaggressive.a.01,antonym,scrappy.s.01
907,unaggressive.a.01,antonym,scrappy.s.01
908,unaggressive.a.01,antonym,competitive.s.03
909,unaggressive.a.01,antonym,competitive.s.03
910,unaggressive.a.01,antonym,predatory.s.02
911,unaggressive.a.01,antonym,predatory.s.02
912,unaggressive.a.01,antonym,in-your-face.s.01
913,unaggressive.a.01,antonym,in-your-face.s.01
914,unaggressive.a.01,antonym,hard-hitting.s.02
915,unaggressive.a.01,antonym,hard-hitting.s.02
916,unaggressive.a.01,antonym,aggressive.a.01
917,unaggressive.a.01,antonym,aggressive.a.01
918,unaggressive.a.01,antonym,hard-hitting.s.02
919,unaggressive.a.01,antonym,hard-hitting.s.02
920,unaggressive.a.01,antonym,battleful.s.01
921,unaggressive.a.01,antonym,battleful.s.01
922,unaggressive.a.01,antonym,truculent.s.01
923,unaggressive.a.01,antonym,truculent.s.01
924,unaggressive.a.01,antonym,obstreperous.s.02
925,unaggressive.a.01,antonym,obstreperous.s.02
926,unaggressive.a.01,antonym,competitive.s.03
927,unaggressive.a.01,antonym,competitive.s.03
928,unaggressive.a.01,antonym,predatory.s.02
929,unaggressive.a.01,antonym,predatory.s.02
930,unaggressive.a.01,antonym,battleful.s.01
931,unaggressive.a.01,antonym,battleful.s.01
932,unaggressive.a.01,antonym,hostile.s.05
933,unaggressive.a.01,antonym,hostile.s.05
934,unaggressive.a.01,antonym,predatory.s.02
935,unaggressive.a.01,antonym,predatory.s.02
936,unaggressive.a.01,antonym,pugnacious.s.02
937,unaggressive.a.01,antonym,pugnacious.s.02
938,unaggressive.a.01,antonym,predatory.s.02
939,unaggressive.a.01,antonym,predatory.s.02
940,unaggressive.a.01,antonym,pugnacious.s.02
941,unaggressive.a.01,antonym,pugnacious.s.02
942,agitated.a.01,antonym,unagitated.a.02
943,unagitated.a.02,antonym,hysterical.s.02
944,unagitated.a.02,antonym,psychedelic.s.03
945,unagitated.a.02,antonym,aroused.s.06
946,unagitated.a.02,antonym,wild-eyed.s.01
947,unagitated.a.02,antonym,distraught.s.01
948,unagitated.a.02,antonym,agitated.a.01
949,unagitated.a.02,antonym,aroused.s.06
950,unagitated.a.02,antonym,aroused.s.06
951,unagitated.a.02,antonym,distraught.s.01
952,unagitated.a.02,antonym,feverish.s.01
953,unagitated.a.02,antonym,feverish.s.01
954,unagitated.a.02,antonym,frantic.s.01
955,unagitated.a.02,antonym,aroused.s.06
956,unagitated.a.02,antonym,jolted.s.02
957,unagitated.a.02,antonym,frantic.s.01
958,unagitated.a.02,antonym,frantic.s.01
959,unagitated.a.02,antonym,jolted.s.02
960,unagitated.a.02,antonym,frantic.s.01
961,agitated.a.02,antonym,nonturbulent.s.01
962,agitated.a.02,antonym,unagitated.a.01
963,agitated.a.02,antonym,unstirred.s.01
964,unagitated.a.01,antonym,churning.s.01
965,unagitated.a.01,antonym,churning.s.02
966,unagitated.a.01,antonym,churning.s.02
967,unagitated.a.01,antonym,rippled.s.02
968,unagitated.a.01,antonym,churning.s.01
969,unagitated.a.01,antonym,rippled.s.02
970,unagitated.a.01,antonym,seething.s.01
971,unagitated.a.01,antonym,churning.s.02
972,unagitated.a.01,antonym,jolted.s.01
973,unagitated.a.01,antonym,churning.s.02
974,unagitated.a.01,antonym,agitated.a.02
975,unagitated.a.01,antonym,stirred.s.03
976,agreeable.a.01,antonym,annoying.s.01
977,agreeable.a.01,antonym,nerve-racking.s.01
978,agreeable.a.01,antonym,disagreeable.a.01
979,agreeable.a.01,antonym,unsweet.s.02
980,agreeable.a.01,antonym,annoying.s.01
981,agreeable.a.01,antonym,annoying.s.01
982,agreeable.a.01,antonym,nerve-racking.s.01
983,agreeable.a.01,antonym,nerve-racking.s.01
984,agreeable.a.01,antonym,annoying.s.01
985,agreeable.a.01,antonym,harsh.s.06
986,agreeable.a.01,antonym,harsh.s.06
987,agreeable.a.01,antonym,annoying.s.01
988,agreeable.a.01,antonym,annoying.s.01
989,agreeable.a.01,antonym,annoying.s.01
990,agreeable.a.01,antonym,annoying.s.01
991,agreeable.a.01,antonym,annoying.s.01
992,agreeable.a.01,antonym,nerve-racking.s.01
993,agreeable.a.01,antonym,annoying.s.01
994,agreeable.a.01,antonym,annoying.s.01
995,agreeable.a.01,antonym,annoying.s.01
996,agreeable.a.01,antonym,annoying.s.01
997,disagreeable.a.01,antonym,agreeable.a.01
998,air-to-surface.a.01,antonym,air-to-air.a.01
999,air-to-surface.a.01,antonym,air-to-air.a.01
1000,air-to-surface.a.01,antonym,surface-to-air.a.01
1001,air-to-surface.a.01,antonym,surface-to-air.a.01
1002,air-to-air.a.01,antonym,air-to-surface.a.01
1003,air-to-air.a.01,antonym,surface-to-air.a.01
1004,surface-to-air.a.01,antonym,air-to-surface.a.01
1005,surface-to-air.a.01,antonym,air-to-air.a.01
1006,alert.a.01,antonym,unalert.a.01
1007,alert.a.01,antonym,unalert.a.01
1008,unalert.a.01,antonym,alert.a.01
1009,unalert.a.01,antonym,alert.a.01
1010,unalert.a.01,antonym,alert.a.01
1011,unalert.a.01,antonym,fly.s.01
1012,unalert.a.01,antonym,fly.s.01
1013,unalert.a.01,antonym,fly.s.01
1014,unalert.a.01,antonym,argus-eyed.s.02
1015,unalert.a.01,antonym,argus-eyed.s.02
1016,unalert.a.01,antonym,argus-eyed.s.02
1017,unalert.a.01,antonym,lidless.s.03
1018,unalert.a.01,antonym,lidless.s.03
1019,unalert.a.01,antonym,lidless.s.03
1020,unalert.a.01,antonym,argus-eyed.s.02
1021,unalert.a.01,antonym,argus-eyed.s.02
1022,unalert.a.01,antonym,argus-eyed.s.02
1023,unalert.a.01,antonym,argus-eyed.s.02
1024,unalert.a.01,antonym,argus-eyed.s.02
1025,unalert.a.01,antonym,argus-eyed.s.02
1026,unalert.a.01,antonym,argus-eyed.s.02
1027,unalert.a.01,antonym,argus-eyed.s.02
1028,unalert.a.01,antonym,argus-eyed.s.02
1029,unalert.a.01,antonym,heads-up.s.01
1030,unalert.a.01,antonym,heads-up.s.01
1031,unalert.a.01,antonym,heads-up.s.01
1032,unalert.a.01,antonym,lidless.s.03
1033,unalert.a.01,antonym,lidless.s.03
1034,unalert.a.01,antonym,lidless.s.03
1035,unalert.a.01,antonym,heads-up.s.01
1036,unalert.a.01,antonym,heads-up.s.01
1037,unalert.a.01,antonym,heads-up.s.01
1038,algorithmic.a.01,antonym,trial-and-error.s.02
1039,algorithmic.a.01,antonym,heuristic.a.01
1040,heuristic.a.01,antonym,algorithmic.a.01
1041,heuristic.a.01,antonym,recursive.s.01
1042,alienable.a.01,antonym,nontransferable.s.01
1043,alienable.a.01,antonym,inalienable.a.01
1044,alienable.a.01,antonym,absolute.s.05
1045,alienable.a.01,antonym,non-negotiable.s.01
1046,alienable.a.01,antonym,absolute.s.05
1047,alienable.a.01,antonym,nontransferable.s.01
1048,alienable.a.01,antonym,absolute.s.05
1049,alienable.a.01,antonym,nontransferable.s.01
1050,inalienable.a.01,antonym,assignable.s.01
1051,inalienable.a.01,antonym,assignable.s.01
1052,inalienable.a.01,antonym,alienable.a.01
1053,inalienable.a.01,antonym,alienable.a.01
1054,inalienable.a.01,antonym,assignable.s.01
1055,inalienable.a.01,antonym,assignable.s.01
1056,inalienable.a.01,antonym,assignable.s.01
1057,inalienable.a.01,antonym,assignable.s.01
1058,inalienable.a.01,antonym,appropriable.s.01
1059,inalienable.a.01,antonym,appropriable.s.01
1060,inalienable.a.01,antonym,assignable.s.01
1061,inalienable.a.01,antonym,assignable.s.01
1062,inalienable.a.01,antonym,assignable.s.01
1063,inalienable.a.01,antonym,assignable.s.01
1064,alive.a.01,antonym,lifeless.s.01
1065,alive.a.01,antonym,lifeless.s.01
1066,alive.a.01,antonym,asleep.s.03
1067,alive.a.01,antonym,asleep.s.03
1068,alive.a.01,antonym,defunct.s.02
1069,alive.a.01,antonym,defunct.s.02
1070,alive.a.01,antonym,bloodless.s.01
1071,alive.a.01,antonym,bloodless.s.01
1072,alive.a.01,antonym,deathlike.s.01
1073,alive.a.01,antonym,deathlike.s.01
1074,alive.a.01,antonym,deathlike.s.01
1075,alive.a.01,antonym,deathlike.s.01
1076,alive.a.01,antonym,brain_dead.s.01
1077,alive.a.01,antonym,brain_dead.s.01
1078,alive.a.01,antonym,asleep.s.03
1079,alive.a.01,antonym,asleep.s.03
1080,alive.a.01,antonym,fallen.s.04
1081,alive.a.01,antonym,fallen.s.04
1082,alive.a.01,antonym,dead.a.01
1083,alive.a.01,antonym,dead.a.01
1084,alive.a.01,antonym,asleep.s.03
1085,alive.a.01,antonym,asleep.s.03
1086,alive.a.01,antonym,bloodless.s.01
1087,alive.a.01,antonym,bloodless.s.01
1088,alive.a.01,antonym,asleep.s.03
1089,alive.a.01,antonym,asleep.s.03
1090,alive.a.01,antonym,nonviable.s.01
1091,alive.a.01,antonym,nonviable.s.01
1092,alive.a.01,antonym,stone-dead.s.01
1093,alive.a.01,antonym,stone-dead.s.01
1094,alive.a.01,antonym,asleep.s.03
1095,alive.a.01,antonym,asleep.s.03
1096,alive.a.01,antonym,executed.s.01
1097,alive.a.01,antonym,executed.s.01
1098,alive.a.01,antonym,breathless.s.03
1099,alive.a.01,antonym,breathless.s.03
1100,alive.a.01,antonym,stillborn.s.02
1101,alive.a.01,antonym,stillborn.s.02
1102,alive.a.01,antonym,murdered.s.01
1103,alive.a.01,antonym,murdered.s.01
1104,alive.a.01,antonym,breathless.s.03
1105,alive.a.01,antonym,breathless.s.03
1106,alive.a.01,antonym,d.o.a..s.01
1107,alive.a.01,antonym,d.o.a..s.01
1108,alive.a.01,antonym,asleep.s.03
1109,alive.a.01,antonym,asleep.s.03
1110,alive.a.01,antonym,assassinated.s.01
1111,alive.a.01,antonym,assassinated.s.01
1112,alive.a.01,antonym,lifeless.s.01
1113,alive.a.01,antonym,lifeless.s.01
1114,alive.a.01,antonym,cold.s.13
1115,alive.a.01,antonym,cold.s.13
1116,alive.a.01,antonym,doomed.s.01
1117,alive.a.01,antonym,doomed.s.01
1118,alive.a.01,antonym,slain.s.01
1119,alive.a.01,antonym,slain.s.01
1120,alive.a.01,antonym,bloodless.s.01
1121,alive.a.01,antonym,bloodless.s.01
1122,alive.a.01,antonym,breathless.s.03
1123,alive.a.01,antonym,breathless.s.03
1124,alive.a.01,antonym,late.s.04
1125,alive.a.01,antonym,late.s.04
1126,dead.a.01,antonym,vital.s.04
1127,dead.a.01,antonym,liveborn.s.01
1128,dead.a.01,antonym,viable.s.02
1129,dead.a.01,antonym,alive.a.01
1130,apocrine.a.01,antonym,eccrine.a.01
1131,eccrine.a.01,antonym,apocrine.a.01
1132,artesian.a.01,antonym,subartesian.a.01
1133,subartesian.a.01,antonym,artesian.a.01
1134,live.a.02,antonym,dead.a.02
1135,live.a.02,antonym,extinct.s.03
1136,live.a.02,antonym,out_of_play.s.01
1137,live.a.02,antonym,extinct.s.03
1138,live.a.02,antonym,lifeless.s.04
1139,dead.a.02,antonym,in_play.s.01
1140,dead.a.02,antonym,live.a.02
1141,dead.a.02,antonym,living.s.06
1142,alphabetic.a.02,antonym,analphabetic.a.02
1143,alphabetic.a.02,antonym,analphabetic.a.02
1144,analphabetic.a.02,antonym,alphabetized.s.01
1145,analphabetic.a.02,antonym,abecedarian.s.01
1146,analphabetic.a.02,antonym,alphabetized.s.01
1147,analphabetic.a.02,antonym,alphabetic.a.02
1148,altricial.a.01,antonym,precocial.a.01
1149,precocial.a.01,antonym,altricial.a.01
1150,altruistic.a.01,antonym,egoistic.a.01
1151,altruistic.a.01,antonym,egoistic.a.01
1152,altruistic.a.01,antonym,self-absorbed.s.01
1153,altruistic.a.01,antonym,self-absorbed.s.01
1154,altruistic.a.01,antonym,self-absorbed.s.01
1155,altruistic.a.01,antonym,self-absorbed.s.01
1156,egoistic.a.01,antonym,altruistic.a.01
1157,egoistic.a.01,antonym,altruistic.a.01
1158,egoistic.a.01,antonym,altruistic.a.01
1159,egoistic.a.01,antonym,altruistic.a.01
1160,egoistic.a.01,antonym,altruistic.a.01
1161,ambiguous.a.02,antonym,monosemous.s.01
1162,ambiguous.a.02,antonym,unambiguous.a.01
1163,unambiguous.a.01,antonym,enigmatic.s.02
1164,unambiguous.a.01,antonym,enigmatic.s.02
1165,unambiguous.a.01,antonym,left-handed.s.05
1166,unambiguous.a.01,antonym,ambiguous.a.02
1167,unambiguous.a.01,antonym,double-barreled.s.02
1168,unambiguous.a.01,antonym,multivalent.s.03
1169,unambiguous.a.01,antonym,polysemous.s.01
1170,unambiguous.a.01,antonym,polysemous.s.01
1171,unambiguous.a.01,antonym,double-barreled.s.02
1172,unambiguous.a.01,antonym,multivalent.s.03
1173,unambiguous.a.01,antonym,uncertain.s.07
1174,unambiguous.a.01,antonym,double-edged.s.01
1175,ambitious.a.01,antonym,shiftless.s.01
1176,ambitious.a.01,antonym,unambitious.a.01
1177,unambitious.a.01,antonym,aspirant.s.01
1178,unambitious.a.01,antonym,aspirant.s.01
1179,unambitious.a.01,antonym,compulsive.s.02
1180,unambitious.a.01,antonym,compulsive.s.02
1181,unambitious.a.01,antonym,ambitious.a.01
1182,unambitious.a.01,antonym,ambitious.a.01
1183,unambitious.a.01,antonym,compulsive.s.02
1184,unambitious.a.01,antonym,compulsive.s.02
1185,unambitious.a.01,antonym,overambitious.s.01
1186,unambitious.a.01,antonym,overambitious.s.01
1187,unambitious.a.01,antonym,pushful.s.01
1188,unambitious.a.01,antonym,pushful.s.01
1189,unambitious.a.01,antonym,pushful.s.01
1190,unambitious.a.01,antonym,pushful.s.01
1191,unambitious.a.01,antonym,aspirant.s.01
1192,unambitious.a.01,antonym,aspirant.s.01
1193,unambitious.a.01,antonym,manque.s.01
1194,unambitious.a.01,antonym,manque.s.01
1195,unambitious.a.01,antonym,aspirant.s.01
1196,unambitious.a.01,antonym,aspirant.s.01
1197,unambitious.a.01,antonym,compulsive.s.02
1198,unambitious.a.01,antonym,compulsive.s.02
1199,unambitious.a.01,antonym,manque.s.01
1200,unambitious.a.01,antonym,manque.s.01
1201,ametropic.a.01,antonym,emmetropic.a.01
1202,emmetropic.a.01,antonym,ametropic.a.01
1203,ample.a.01,antonym,hardscrabble.s.01
1204,ample.a.01,antonym,meager.a.01
1205,ample.a.01,antonym,hand-to-mouth.s.01
1206,ample.a.01,antonym,exiguous.s.01
1207,ample.a.01,antonym,bare.s.02
1208,ample.a.01,antonym,measly.s.01
1209,ample.a.01,antonym,measly.s.01
1210,ample.a.01,antonym,bare.s.02
1211,ample.a.01,antonym,bare.s.02
1212,ample.a.01,antonym,measly.s.01
1213,meager.a.01,antonym,wide.s.06
1214,meager.a.01,antonym,wide.s.06
1215,meager.a.01,antonym,wide.s.06
1216,meager.a.01,antonym,wide.s.06
1217,meager.a.01,antonym,wide.s.06
1218,meager.a.01,antonym,wide.s.06
1219,meager.a.01,antonym,wide.s.06
1220,meager.a.01,antonym,wide.s.06
1221,meager.a.01,antonym,wide.s.06
1222,meager.a.01,antonym,wide.s.06
1223,meager.a.01,antonym,full.s.06
1224,meager.a.01,antonym,full.s.06
1225,meager.a.01,antonym,full.s.06
1226,meager.a.01,antonym,full.s.06
1227,meager.a.01,antonym,full.s.06
1228,meager.a.01,antonym,full.s.06
1229,meager.a.01,antonym,full.s.06
1230,meager.a.01,antonym,full.s.06
1231,meager.a.01,antonym,full.s.06
1232,meager.a.01,antonym,full.s.06
1233,meager.a.01,antonym,ample.a.01
1234,meager.a.01,antonym,ample.a.01
1235,meager.a.01,antonym,ample.a.01
1236,meager.a.01,antonym,ample.a.01
1237,meager.a.01,antonym,ample.a.01
1238,meager.a.01,antonym,generous.s.03
1239,meager.a.01,antonym,generous.s.03
1240,meager.a.01,antonym,generous.s.03
1241,meager.a.01,antonym,generous.s.03
1242,meager.a.01,antonym,generous.s.03
1243,anabolic.a.02,antonym,catabolic.a.02
1244,anabolic.a.02,antonym,destructive-metabolic.s.01
1245,anabolic.a.02,antonym,destructive-metabolic.s.01
1246,catabolic.a.02,antonym,constructive-metabolic.s.01
1247,catabolic.a.02,antonym,constructive-metabolic.s.01
1248,catabolic.a.02,antonym,anabolic.a.02
1249,catabolic.a.02,antonym,anabolic.a.02
1250,catabolic.a.02,antonym,constructive-metabolic.s.01
1251,catabolic.a.02,antonym,constructive-metabolic.s.01
1252,anaclinal.a.01,antonym,cataclinal.a.01
1253,cataclinal.a.01,antonym,anaclinal.a.01
1254,anastigmatic.a.02,antonym,astigmatic.a.01
1255,anastigmatic.a.02,antonym,astigmatic.a.01
1256,astigmatic.a.01,antonym,anastigmatic.a.02
1257,anticlinal.a.01,antonym,synclinal.a.01
1258,synclinal.a.01,antonym,anticlinal.a.01
1259,anadromous.a.01,antonym,diadromous.a.01
1260,anadromous.a.01,antonym,catadromous.a.01
1261,catadromous.a.01,antonym,anadromous.a.01
1262,catadromous.a.01,antonym,diadromous.a.01
1263,diadromous.a.01,antonym,anadromous.a.01
1264,diadromous.a.01,antonym,catadromous.a.01
1265,anabatic.a.01,antonym,katabatic.a.01
1266,katabatic.a.01,antonym,anabatic.a.01
1267,katabatic.a.01,antonym,anabatic.a.01
1268,anal.a.02,antonym,oral.a.04
1269,anal.a.02,antonym,oral.a.04
1270,oral.a.04,antonym,anal.a.02
1271,analogue.a.01,antonym,digital.a.03
1272,analogue.a.01,antonym,digital.a.03
1273,analogue.a.01,antonym,digital.a.03
1274,digital.a.03,antonym,analogue.a.01
1275,analytic.a.04,antonym,synthetic.a.04
1276,analytic.a.04,antonym,synthetic.a.04
1277,synthetic.a.04,antonym,analytic.a.04
1278,synthetic.a.04,antonym,analytic.a.04
1279,analytic.a.03,antonym,agglutinative.s.01
1280,analytic.a.03,antonym,agglutinative.s.01
1281,analytic.a.03,antonym,agglutinative.s.01
1282,analytic.a.03,antonym,agglutinative.s.01
1283,analytic.a.03,antonym,synthetic.a.03
1284,analytic.a.03,antonym,synthetic.a.03
1285,synthetic.a.03,antonym,isolating.s.01
1286,synthetic.a.03,antonym,analytic.a.03
1287,analytic.a.02,antonym,synthetic.a.02
1288,analytic.a.02,antonym,synthetic.a.02
1289,synthetic.a.02,antonym,analytic.a.02
1290,synthetic.a.02,antonym,analytic.a.02
1291,inflectional.a.01,antonym,derivational.a.01
1292,derivational.a.01,antonym,inflectional.a.01
1293,apocarpous.a.01,antonym,syncarpous.a.01
1294,syncarpous.a.01,antonym,apocarpous.a.01
1295,angry.a.01,antonym,unangry.a.01
1296,unangry.a.01,antonym,huffy.s.02
1297,unangry.a.01,antonym,indignant.s.01
1298,unangry.a.01,antonym,wrathful.s.01
1299,unangry.a.01,antonym,aggravated.s.02
1300,unangry.a.01,antonym,livid.s.03
1301,unangry.a.01,antonym,irate.s.01
1302,unangry.a.01,antonym,smoldering.s.01
1303,unangry.a.01,antonym,angered.s.01
1304,unangry.a.01,antonym,smoldering.s.01
1305,unangry.a.01,antonym,angry.a.01
1306,unangry.a.01,antonym,angered.s.01
1307,unangry.a.01,antonym,huffy.s.02
1308,unangry.a.01,antonym,irate.s.01
1309,unangry.a.01,antonym,indignant.s.01
1310,unangry.a.01,antonym,indignant.s.01
1311,unangry.a.01,antonym,wrathful.s.01
1312,unangry.a.01,antonym,angered.s.01
1313,unangry.a.01,antonym,choleric.s.03
1314,unangry.a.01,antonym,angered.s.01
1315,unangry.a.01,antonym,angered.s.01
1316,unangry.a.01,antonym,wrathful.s.01
1317,unangry.a.01,antonym,hot_under_the_collar.s.01
1318,unangry.a.01,antonym,choleric.s.03
1319,unangry.a.01,antonym,black.s.03
1320,unangry.a.01,antonym,aggravated.s.02
1321,unangry.a.01,antonym,indignant.s.01
1322,unangry.a.01,antonym,huffy.s.02
1323,resentful.a.01,antonym,unbitter.s.01
1324,resentful.a.01,antonym,unresentful.a.01
1325,unresentful.a.01,antonym,acrimonious.s.01
1326,unresentful.a.01,antonym,acrimonious.s.01
1327,unresentful.a.01,antonym,resentful.a.01
1328,unresentful.a.01,antonym,rancorous.s.01
1329,sentient.a.01,antonym,insentient.a.01
1330,sentient.a.01,antonym,insentient.a.01
1331,sentient.a.01,antonym,unfeeling.s.02
1332,sentient.a.01,antonym,unfeeling.s.02
1333,insentient.a.01,antonym,sensate.s.01
1334,insentient.a.01,antonym,sensate.s.01
1335,insentient.a.01,antonym,sentient.a.01
1336,insentient.a.01,antonym,sentient.a.01
1337,animate.a.02,antonym,nonconscious.s.02
1338,animate.a.02,antonym,inanimate.a.02
1339,inanimate.a.02,antonym,animate.a.02
1340,inanimate.a.02,antonym,animate.a.02
1341,inanimate.a.02,antonym,animate.a.02
1342,animated.a.01,antonym,unanimated.a.01
1343,animated.a.01,antonym,unanimated.a.01
1344,animated.a.01,antonym,wan.s.03
1345,animated.a.01,antonym,wan.s.03
1346,animated.a.01,antonym,lifeless.s.03
1347,animated.a.01,antonym,lifeless.s.03
1348,unanimated.a.01,antonym,reanimated.s.01
1349,unanimated.a.01,antonym,full_of_life.s.01
1350,unanimated.a.01,antonym,reanimated.s.01
1351,unanimated.a.01,antonym,enlivened.s.02
1352,unanimated.a.01,antonym,full_of_life.s.01
1353,unanimated.a.01,antonym,full_of_life.s.01
1354,unanimated.a.01,antonym,enlivened.s.02
1355,unanimated.a.01,antonym,animated.a.01
1356,enlivened.a.01,antonym,unenlivened.a.01
1357,unenlivened.a.01,antonym,enlivened.a.01
1358,unenlivened.a.01,antonym,perked_up.s.01
1359,animate.a.01,antonym,inanimate.a.01
1360,inanimate.a.01,antonym,animate.a.01
1361,anonymous.a.01,antonym,onymous.a.01
1362,anonymous.a.01,antonym,onymous.a.01
1363,anonymous.a.01,antonym,binomial.s.02
1364,anonymous.a.01,antonym,binomial.s.02
1365,anonymous.a.01,antonym,binomial.s.02
1366,anonymous.a.01,antonym,binomial.s.02
1367,anonymous.a.01,antonym,pseudonymous.s.01
1368,anonymous.a.01,antonym,pseudonymous.s.01
1369,onymous.a.01,antonym,anonymous.a.01
1370,onymous.a.01,antonym,nameless.s.01
1371,onymous.a.01,antonym,nameless.s.01
1372,onymous.a.01,antonym,nameless.s.01
1373,onymous.a.01,antonym,nameless.s.01
1374,antemortem.a.01,antonym,postmortem.a.01
1375,postmortem.a.01,antonym,antemortem.a.01
1376,postmortem.a.01,antonym,antemortem.a.01
1377,antecedent.a.01,antonym,attendant.s.02
1378,antecedent.a.01,antonym,later.s.01
1379,antecedent.a.01,antonym,attendant.s.02
1380,antecedent.a.01,antonym,attendant.s.02
1381,antecedent.a.01,antonym,attendant.s.02
1382,antecedent.a.01,antonym,attendant.s.02
1383,antecedent.a.01,antonym,attendant.s.02
1384,antecedent.a.01,antonym,attendant.s.02
1385,antecedent.a.01,antonym,later.s.01
1386,antecedent.a.01,antonym,later.s.01
1387,antecedent.a.01,antonym,subsequent.a.01
1388,antecedent.a.01,antonym,attendant.s.02
1389,subsequent.a.01,antonym,preexistent.s.01
1390,subsequent.a.01,antonym,anterior.s.02
1391,subsequent.a.01,antonym,preexistent.s.01
1392,subsequent.a.01,antonym,preexistent.s.01
1393,subsequent.a.01,antonym,preexistent.s.01
1394,subsequent.a.01,antonym,antecedent.a.01
1395,subsequent.a.01,antonym,anticipatory.s.01
1396,subsequent.a.01,antonym,anterior.s.02
1397,subsequent.a.01,antonym,anticipatory.s.01
1398,antrorse.a.01,antonym,retrorse.a.01
1399,antrorse.a.01,antonym,decurved.s.01
1400,retrorse.a.01,antonym,antrorse.a.01
1401,aquatic.a.02,antonym,terrestrial.a.03
1402,aquatic.a.02,antonym,amphibiotic.s.01
1403,aquatic.a.02,antonym,amphibiotic.s.01
1404,aquatic.a.02,antonym,onshore.s.02
1405,aquatic.a.02,antonym,amphibious.a.02
1406,aquatic.a.02,antonym,overland.s.01
1407,terrestrial.a.03,antonym,amphibiotic.s.01
1408,terrestrial.a.03,antonym,subaqueous.s.01
1409,terrestrial.a.03,antonym,subaqueous.s.01
1410,terrestrial.a.03,antonym,semiaquatic.s.02
1411,terrestrial.a.03,antonym,aquatic.a.02
1412,terrestrial.a.03,antonym,subaqueous.s.01
1413,terrestrial.a.03,antonym,amphibiotic.s.01
1414,terrestrial.a.03,antonym,amphibious.a.02
1415,terrestrial.a.03,antonym,marine.s.05
1416,terrestrial.a.03,antonym,subaqueous.s.01
1417,amphibious.a.02,antonym,terrestrial.a.03
1418,amphibious.a.02,antonym,semiaquatic.s.02
1419,amphibious.a.02,antonym,subaqueous.s.01
1420,amphibious.a.02,antonym,onshore.s.02
1421,amphibious.a.02,antonym,subaqueous.s.01
1422,amphibious.a.02,antonym,semiaquatic.s.02
1423,amphibious.a.02,antonym,aquatic.a.02
1424,amphibious.a.02,antonym,subaqueous.s.01
1425,amphibious.a.02,antonym,marine.s.05
1426,amphibious.a.02,antonym,subaqueous.s.01
1427,amphibious.a.02,antonym,overland.s.01
1428,preceding.a.01,antonym,in_line.s.01
1429,preceding.a.01,antonym,following.s.01
1430,preceding.a.01,antonym,postmortem.s.02
1431,preceding.a.01,antonym,back-to-back.s.01
1432,preceding.a.01,antonym,ensuing.s.01
1433,preceding.a.01,antonym,succeeding.a.01
1434,preceding.a.01,antonym,following.s.02
1435,preceding.a.01,antonym,following.s.01
1436,preceding.a.01,antonym,back-to-back.s.01
1437,succeeding.a.01,antonym,preparatory.s.01
1438,succeeding.a.01,antonym,premedical.s.02
1439,succeeding.a.01,antonym,previous.s.01
1440,succeeding.a.01,antonym,introductory.s.03
1441,succeeding.a.01,antonym,preceding.a.01
1442,succeeding.a.01,antonym,introductory.s.03
1443,succeeding.a.01,antonym,above.s.01
1444,succeeding.a.01,antonym,above-mentioned.s.01
1445,succeeding.a.01,antonym,previous.s.01
1446,succeeding.a.01,antonym,preparatory.s.01
1447,succeeding.a.01,antonym,above-mentioned.s.01
1448,succeeding.a.01,antonym,preparatory.s.01
1449,succeeding.a.01,antonym,introductory.s.03
1450,succeeding.a.01,antonym,foregoing.s.01
1451,succeeding.a.01,antonym,precedent.s.01
1452,precedented.a.01,antonym,new.s.04
1453,precedented.a.01,antonym,unprecedented.a.01
1454,precedented.a.01,antonym,new.s.04
1455,unprecedented.a.01,antonym,precedented.a.01
1456,prehensile.a.01,antonym,nonprehensile.a.01
1457,nonprehensile.a.01,antonym,prehensile.a.01
1458,prenatal.a.01,antonym,perinatal.a.01
1459,prenatal.a.01,antonym,perinatal.a.01
1460,prenatal.a.01,antonym,perinatal.a.01
1461,prenatal.a.01,antonym,postnatal.a.01
1462,prenatal.a.01,antonym,postnatal.a.01
1463,prenatal.a.01,antonym,postnatal.a.01
1464,perinatal.a.01,antonym,prenatal.a.01
1465,perinatal.a.01,antonym,postnatal.a.01
1466,postnatal.a.01,antonym,prenatal.a.01
1467,postnatal.a.01,antonym,prenatal.a.01
1468,postnatal.a.01,antonym,perinatal.a.01
1469,postnatal.a.01,antonym,perinatal.a.01
1470,preprandial.a.01,antonym,postprandial.a.01
1471,postprandial.a.01,antonym,preprandial.a.01
1472,prewar.a.01,antonym,postwar.a.01
1473,postwar.a.01,antonym,prewar.a.01
1474,retrograde.a.02,antonym,anterograde.a.01
1475,anterograde.a.01,antonym,retrograde.a.02
1476,antemeridian.a.01,antonym,postmeridian.a.01
1477,antemeridian.a.01,antonym,post_meridiem.s.01
1478,antemeridian.a.01,antonym,post_meridiem.s.01
1479,postmeridian.a.01,antonym,antemeridian.a.01
1480,postmeridian.a.01,antonym,ante_meridiem.s.01
1481,postmeridian.a.01,antonym,ante_meridiem.s.01
1482,anterior.a.01,antonym,back.s.02
1483,anterior.a.01,antonym,back.s.02
1484,anterior.a.01,antonym,posterior.a.01
1485,anterior.a.01,antonym,retral.s.02
1486,anterior.a.01,antonym,caudal.s.03
1487,anterior.a.01,antonym,back.s.02
1488,posterior.a.01,antonym,anterior.a.01
1489,posterior.a.01,antonym,prefrontal.s.01
1490,posterior.a.01,antonym,frontal.s.01
1491,dorsal.a.01,antonym,ventral.a.01
1492,dorsal.a.01,antonym,dorsoventral.s.01
1493,ventral.a.01,antonym,dorsal.a.01
1494,appealable.a.01,antonym,unappealable.a.01
1495,unappealable.a.01,antonym,appealable.a.01
1496,appendaged.a.01,antonym,unappendaged.a.01
1497,unappendaged.a.01,antonym,appendaged.a.01
1498,appetizing.a.01,antonym,unappetizing.a.01
1499,appetizing.a.01,antonym,unappetizing.a.01
1500,unappetizing.a.01,antonym,mouth-watering.s.01
1501,unappetizing.a.01,antonym,mouth-watering.s.01
1502,unappetizing.a.01,antonym,appetizing.a.01
1503,unappetizing.a.01,antonym,appetizing.a.01
1504,unappetizing.a.01,antonym,mouth-watering.s.01
1505,unappetizing.a.01,antonym,mouth-watering.s.01
1506,unappetizing.a.01,antonym,mouth-watering.s.01
1507,unappetizing.a.01,antonym,mouth-watering.s.01
1508,approachable.a.02,antonym,offish.s.01
1509,approachable.a.02,antonym,unapproachable.a.01
1510,approachable.a.02,antonym,offish.s.01
1511,unapproachable.a.01,antonym,accessible.s.04
1512,unapproachable.a.01,antonym,approachable.a.02
1513,appropriate.a.01,antonym,inappropriate.a.01
1514,appropriate.a.01,antonym,improper.s.03
1515,appropriate.a.01,antonym,unbefitting.s.01
1516,appropriate.a.01,antonym,improper.s.03
1517,inappropriate.a.01,antonym,befitting.s.01
1518,inappropriate.a.01,antonym,appropriate.a.01
1519,inappropriate.a.01,antonym,proper.s.04
1520,inappropriate.a.01,antonym,proper.s.04
1521,inappropriate.a.01,antonym,pat.s.02
1522,inappropriate.a.01,antonym,grade-appropriate.s.01
1523,due.a.01,antonym,undue.a.01
1524,undue.a.01,antonym,collectible.s.01
1525,undue.a.01,antonym,out-of-pocket.s.01
1526,undue.a.01,antonym,receivable.s.01
1527,undue.a.01,antonym,delinquent.s.03
1528,undue.a.01,antonym,collectible.s.01
1529,undue.a.01,antonym,collect.s.01
1530,undue.a.01,antonym,callable.s.01
1531,undue.a.01,antonym,collect.s.01
1532,undue.a.01,antonym,repayable.s.01
1533,undue.a.01,antonym,collectible.s.01
1534,undue.a.01,antonym,due.a.01
1535,undue.a.01,antonym,delinquent.s.03
1536,due.a.03,antonym,undue.a.02
1537,undue.a.02,antonym,due.a.03
1538,apropos.a.01,antonym,malapropos.a.01
1539,apropos.a.01,antonym,inapposite.s.01
1540,apropos.a.01,antonym,inapposite.s.01
1541,malapropos.a.01,antonym,apposite.s.01
1542,malapropos.a.01,antonym,apropos.a.01
1543,malapropos.a.01,antonym,apposite.s.01
1544,malapropos.a.01,antonym,apposite.s.01
1545,a_priori.a.01,antonym,a_posteriori.a.01
1546,a_posteriori.a.01,antonym,a_priori.a.01
1547,apteral.a.01,antonym,peristylar.s.01
1548,apteral.a.01,antonym,monopteral.s.01
1549,apteral.a.01,antonym,peripteral.a.01
1550,apteral.a.01,antonym,peristylar.s.01
1551,peripteral.a.01,antonym,amphiprostylar.s.01
1552,peripteral.a.01,antonym,amphiprostylar.s.01
1553,peripteral.a.01,antonym,apteral.a.01
1554,peripteral.a.01,antonym,prostyle.s.01
1555,peripteral.a.01,antonym,amphiprostylar.s.01
1556,peripteral.a.01,antonym,amphiprostylar.s.01
1557,peripteral.a.01,antonym,prostyle.s.01
1558,arbitrable.a.01,antonym,nonarbitrable.a.01
1559,nonarbitrable.a.01,antonym,arbitrable.a.01
1560,columned.a.01,antonym,astylar.s.01
1561,columned.a.01,antonym,noncolumned.a.01
1562,columned.a.01,antonym,unpillared.s.01
1563,noncolumned.a.01,antonym,columniform.s.01
1564,noncolumned.a.01,antonym,columniform.s.01
1565,noncolumned.a.01,antonym,columned.a.01
1566,noncolumned.a.01,antonym,columned.a.01
1567,noncolumned.a.01,antonym,colonnaded.s.01
1568,noncolumned.a.01,antonym,colonnaded.s.01
1569,noncolumned.a.01,antonym,pillared.s.01
1570,noncolumned.a.01,antonym,pillared.s.01
1571,noncolumned.a.01,antonym,columniform.s.01
1572,noncolumned.a.01,antonym,columniform.s.01
1573,noncolumned.a.01,antonym,amphistylar.s.01
1574,noncolumned.a.01,antonym,amphistylar.s.01
1575,noncolumned.a.01,antonym,columnar.s.02
1576,noncolumned.a.01,antonym,columnar.s.02
1577,arboreal.a.02,antonym,nonarboreal.a.01
1578,arboreal.a.02,antonym,nonarboreal.a.01
1579,arboreal.a.02,antonym,nonarboreal.a.01
1580,nonarboreal.a.01,antonym,arboreal.a.02
1581,arenaceous.a.01,antonym,argillaceous.a.01
1582,arenaceous.a.01,antonym,argillaceous.a.01
1583,arenaceous.a.01,antonym,argillaceous.a.01
1584,argillaceous.a.01,antonym,arenaceous.a.01
1585,argillaceous.a.01,antonym,arenaceous.a.01
1586,armed.a.01,antonym,unarmed.a.01
1587,armed.a.01,antonym,defenseless.s.03
1588,armed.a.01,antonym,defenseless.s.03
1589,armed.a.01,antonym,clean.s.16
1590,armed.a.01,antonym,barehanded.s.01
1591,armed.a.01,antonym,weaponless.s.01
1592,unarmed.a.01,antonym,militarized.s.01
1593,unarmed.a.01,antonym,equipped.s.04
1594,unarmed.a.01,antonym,armed.a.01
1595,unarmed.a.01,antonym,light-armed.s.02
1596,unarmed.a.01,antonym,militarized.s.01
1597,unarmed.a.01,antonym,equipped.s.04
1598,armored.a.01,antonym,unarmored.a.02
1599,armored.a.01,antonym,unarmored.a.02
1600,unarmored.a.02,antonym,armor-clad.s.01
1601,unarmored.a.02,antonym,armor-clad.s.01
1602,unarmored.a.02,antonym,lightly_armored.s.01
1603,unarmored.a.02,antonym,lightly_armored.s.01
1604,unarmored.a.02,antonym,armor-clad.s.01
1605,unarmored.a.02,antonym,armor-clad.s.01
1606,unarmored.a.02,antonym,armor-clad.s.01
1607,unarmored.a.02,antonym,armor-clad.s.01
1608,unarmored.a.02,antonym,armor-clad.s.01
1609,unarmored.a.02,antonym,armor-clad.s.01
1610,unarmored.a.02,antonym,bulletproof.s.02
1611,unarmored.a.02,antonym,bulletproof.s.02
1612,unarmored.a.02,antonym,mail-clad.s.01
1613,unarmored.a.02,antonym,mail-clad.s.01
1614,unarmored.a.02,antonym,scaled.s.02
1615,unarmored.a.02,antonym,scaled.s.02
1616,unarmored.a.02,antonym,armored.a.01
1617,unarmored.a.02,antonym,armored.a.01
1618,unarmored.a.02,antonym,armor-clad.s.01
1619,unarmored.a.02,antonym,armor-clad.s.01
1620,unarmored.a.02,antonym,bony-plated.s.01
1621,unarmored.a.02,antonym,bony-plated.s.01
1622,unarmored.a.02,antonym,mail-clad.s.01
1623,unarmored.a.02,antonym,mail-clad.s.01
1624,unarmored.a.02,antonym,lightly_armored.s.01
1625,unarmored.a.02,antonym,lightly_armored.s.01
1626,unarmored.a.02,antonym,mail-cheeked.s.01
1627,unarmored.a.02,antonym,mail-cheeked.s.01
1628,armed.a.03,antonym,unarmed.a.02
1629,armed.a.03,antonym,thornless.s.01
1630,armed.a.03,antonym,thornless.s.01
1631,unarmed.a.02,antonym,bristlelike.s.01
1632,unarmed.a.02,antonym,barbed.s.02
1633,unarmed.a.02,antonym,armed.a.03
1634,unarmed.a.02,antonym,thistlelike.s.01
1635,unarmed.a.02,antonym,barbed.s.02
1636,unarmed.a.02,antonym,barbed.s.02
1637,unarmed.a.02,antonym,clawed.s.02
1638,unarmed.a.02,antonym,barbed.s.02
1639,unarmed.a.02,antonym,clawed.s.02
1640,unarmed.a.02,antonym,barbed.s.02
1641,unarmed.a.02,antonym,barbed.s.02
1642,unarmed.a.02,antonym,barbed.s.02
1643,unarmed.a.02,antonym,barbed.s.02
1644,unarmed.a.02,antonym,brushlike.s.01
1645,unarmed.a.02,antonym,barbed.s.02
1646,unarmed.a.02,antonym,barbed.s.02
1647,unarmed.a.02,antonym,barbed.s.02
1648,unarmed.a.02,antonym,barbed.s.02
1649,unarmed.a.02,antonym,barbed.s.02
1650,armed.a.02,antonym,armless.a.01
1651,armless.a.01,antonym,long-armed.s.01
1652,armless.a.01,antonym,brachiate.s.02
1653,armless.a.01,antonym,one-armed.s.01
1654,armless.a.01,antonym,armed.a.02
1655,armless.a.01,antonym,armlike.s.01
1656,armored.a.02,antonym,scaleless.s.01
1657,armored.a.02,antonym,scaleless.s.01
1658,armored.a.02,antonym,unarmored.a.01
1659,armored.a.02,antonym,unarmored.a.01
1660,unarmored.a.01,antonym,silver-scaled.s.01
1661,unarmored.a.01,antonym,silver-scaled.s.01
1662,unarmored.a.01,antonym,scaly.s.02
1663,unarmored.a.01,antonym,scaly.s.02
1664,unarmored.a.01,antonym,scaly.s.02
1665,unarmored.a.01,antonym,scaly.s.02
1666,unarmored.a.01,antonym,armored.a.02
1667,unarmored.a.01,antonym,armored.a.02
1668,unarmored.a.01,antonym,scaly.s.02
1669,unarmored.a.01,antonym,scaly.s.02
1670,unarmored.a.01,antonym,bone-covered.s.01
1671,unarmored.a.01,antonym,bone-covered.s.01
1672,artful.a.02,antonym,artless.a.02
1673,artful.a.02,antonym,careless.s.02
1674,artless.a.02,antonym,crafty.s.01
1675,artless.a.02,antonym,crafty.s.01
1676,artless.a.02,antonym,crafty.s.01
1677,artless.a.02,antonym,designing.s.01
1678,artless.a.02,antonym,deep.s.15
1679,artless.a.02,antonym,designing.s.01
1680,artless.a.02,antonym,crafty.s.01
1681,artless.a.02,antonym,elusive.s.02
1682,artless.a.02,antonym,cute.s.02
1683,artless.a.02,antonym,crafty.s.01
1684,artless.a.02,antonym,crafty.s.01
1685,artless.a.02,antonym,pawky.s.01
1686,artless.a.02,antonym,crafty.s.01
1687,artless.a.02,antonym,crafty.s.01
1688,artless.a.02,antonym,crafty.s.01
1689,artless.a.02,antonym,crafty.s.01
1690,artless.a.02,antonym,crafty.s.01
1691,artless.a.02,antonym,manipulative.s.01
1692,artless.a.02,antonym,cute.s.02
1693,artless.a.02,antonym,artful.a.02
1694,articulate.a.01,antonym,unarticulated.s.02
1695,articulate.a.01,antonym,inarticulate.a.01
1696,articulate.a.01,antonym,mute.s.01
1697,articulate.a.01,antonym,aphonic.s.01
1698,articulate.a.01,antonym,aphasic.s.02
1699,articulate.a.01,antonym,incoherent.s.03
1700,articulate.a.01,antonym,mute.s.01
1701,articulate.a.01,antonym,incoherent.s.03
1702,articulate.a.01,antonym,dumb.s.04
1703,articulate.a.01,antonym,dumb.s.03
1704,articulate.a.01,antonym,mute.s.01
1705,articulate.a.01,antonym,aphonic.s.01
1706,articulate.a.01,antonym,dumb.s.04
1707,articulate.a.01,antonym,speechless.s.01
1708,inarticulate.a.01,antonym,eloquent.s.01
1709,inarticulate.a.01,antonym,eloquent.s.01
1710,inarticulate.a.01,antonym,eloquent.s.01
1711,inarticulate.a.01,antonym,eloquent.s.01
1712,inarticulate.a.01,antonym,eloquent.s.01
1713,inarticulate.a.01,antonym,eloquent.s.01
1714,inarticulate.a.01,antonym,eloquent.s.01
1715,inarticulate.a.01,antonym,eloquent.s.01
1716,inarticulate.a.01,antonym,eloquent.s.01
1717,inarticulate.a.01,antonym,eloquent.s.01
1718,inarticulate.a.01,antonym,articulate.a.01
1719,inarticulate.a.01,antonym,articulate.a.01
1720,inarticulate.a.01,antonym,speech-endowed.s.01
1721,inarticulate.a.01,antonym,speech-endowed.s.01
1722,inarticulate.a.01,antonym,eloquent.s.01
1723,inarticulate.a.01,antonym,eloquent.s.01
1724,inarticulate.a.01,antonym,well-spoken.s.01
1725,inarticulate.a.01,antonym,well-spoken.s.01
1726,speaking.a.01,antonym,nonspeaking.a.01
1727,nonspeaking.a.01,antonym,speaking.a.01
1728,nonspeaking.a.01,antonym,speaking.a.01
1729,nonspeaking.a.01,antonym,tongued.s.02
1730,nonspeaking.a.01,antonym,tongued.s.02
1731,articulated.a.01,antonym,unarticulated.a.01
1732,articulated.a.01,antonym,unarticulated.a.01
1733,articulated.a.01,antonym,unjointed.s.01
1734,articulated.a.01,antonym,unjointed.s.01
1735,unarticulated.a.01,antonym,articulated.a.01
1736,unarticulated.a.01,antonym,jointed.s.01
1737,ashamed.a.01,antonym,unabashed.s.01
1738,ashamed.a.01,antonym,audacious.s.02
1739,ashamed.a.01,antonym,shameless.s.01
1740,ashamed.a.01,antonym,audacious.s.02
1741,ashamed.a.01,antonym,audacious.s.02
1742,ashamed.a.01,antonym,audacious.s.02
1743,ashamed.a.01,antonym,audacious.s.02
1744,ashamed.a.01,antonym,unabashed.s.01
1745,ashamed.a.01,antonym,audacious.s.02
1746,ashamed.a.01,antonym,audacious.s.02
1747,ashamed.a.01,antonym,audacious.s.02
1748,ashamed.a.01,antonym,shameless.s.01
1749,ashamed.a.01,antonym,unashamed.a.01
1750,unashamed.a.01,antonym,ashamed.a.01
1751,unashamed.a.01,antonym,embarrassed.s.02
1752,unashamed.a.01,antonym,discredited.s.02
1753,unashamed.a.01,antonym,discredited.s.02
1754,unashamed.a.01,antonym,guilty.s.02
1755,unashamed.a.01,antonym,guilty.s.02
1756,unashamed.a.01,antonym,guilty.s.02
1757,unashamed.a.01,antonym,shamefaced.s.02
1758,unashamed.a.01,antonym,discredited.s.02
1759,unashamed.a.01,antonym,embarrassed.s.02
1760,unashamed.a.01,antonym,embarrassed.s.02
1761,unashamed.a.01,antonym,discredited.s.02
1762,assertive.a.01,antonym,unassertive.a.01
1763,assertive.a.01,antonym,unassertive.a.01
1764,assertive.a.01,antonym,unassertive.a.01
1765,assertive.a.01,antonym,reticent.s.03
1766,assertive.a.01,antonym,reticent.s.03
1767,assertive.a.01,antonym,reticent.s.03
1768,assertive.a.01,antonym,reticent.s.03
1769,assertive.a.01,antonym,reticent.s.03
1770,assertive.a.01,antonym,reticent.s.03
1771,assertive.a.01,antonym,nonassertive.s.01
1772,assertive.a.01,antonym,nonassertive.s.01
1773,assertive.a.01,antonym,nonassertive.s.01
1774,assertive.a.01,antonym,reticent.s.03
1775,assertive.a.01,antonym,reticent.s.03
1776,assertive.a.01,antonym,reticent.s.03
1777,unassertive.a.01,antonym,emphatic.s.03
1778,unassertive.a.01,antonym,assertive.a.01
1779,unassertive.a.01,antonym,cocky.s.01
1780,unassertive.a.01,antonym,emphatic.s.03
1781,associative.a.01,antonym,nonassociative.a.01
1782,associative.a.01,antonym,nonassociative.a.01
1783,nonassociative.a.01,antonym,associable.s.01
1784,nonassociative.a.01,antonym,associative.a.01
1785,attached.a.03,antonym,unengaged.s.02
1786,attached.a.03,antonym,unengaged.s.02
1787,attached.a.03,antonym,unengaged.s.02
1788,attached.a.03,antonym,unengaged.s.02
1789,attached.a.03,antonym,unengaged.s.02
1790,attached.a.03,antonym,unengaged.s.02
1791,attached.a.03,antonym,unattached.a.02
1792,attached.a.03,antonym,unattached.a.02
1793,unattached.a.02,antonym,involved.s.03
1794,unattached.a.02,antonym,involved.s.03
1795,unattached.a.02,antonym,attached.a.03
1796,unattached.a.02,antonym,attached.a.03
1797,unattached.a.02,antonym,bespoken.s.02
1798,unattached.a.02,antonym,bespoken.s.02
1799,unattached.a.02,antonym,bespoken.s.02
1800,unattached.a.02,antonym,bespoken.s.02
1801,unattached.a.02,antonym,intended.s.02
1802,unattached.a.02,antonym,intended.s.02
1803,affixed.a.01,antonym,unaffixed.a.01
1804,unaffixed.a.01,antonym,glued.s.01
1805,unaffixed.a.01,antonym,glued.s.01
1806,unaffixed.a.01,antonym,mounted.s.01
1807,unaffixed.a.01,antonym,mounted.s.01
1808,unaffixed.a.01,antonym,basifixed.s.01
1809,unaffixed.a.01,antonym,basifixed.s.01
1810,unaffixed.a.01,antonym,appendant.s.01
1811,unaffixed.a.01,antonym,appendant.s.01
1812,unaffixed.a.01,antonym,glued.s.01
1813,unaffixed.a.01,antonym,glued.s.01
1814,unaffixed.a.01,antonym,affixed.a.01
1815,unaffixed.a.01,antonym,affixed.a.01
1816,sessile.a.02,antonym,pedunculate.a.01
1817,sessile.a.02,antonym,pedunculate.a.01
1818,pedunculate.a.01,antonym,sessile.a.02
1819,pedunculate.a.01,antonym,sessile.a.02
1820,sessile.a.01,antonym,free-swimming.s.01
1821,sessile.a.01,antonym,vagile.a.01
1822,sessile.a.01,antonym,free-swimming.s.01
1823,vagile.a.01,antonym,sessile.a.01
1824,attached.a.02,antonym,freestanding.s.01
1825,attached.a.02,antonym,detached.a.04
1826,attached.a.02,antonym,semidetached.s.01
1827,attached.a.02,antonym,freestanding.s.01
1828,detached.a.04,antonym,attached.a.02
1829,stuck.a.01,antonym,unstuck.a.01
1830,unstuck.a.01,antonym,cragfast.s.01
1831,unstuck.a.01,antonym,stuck.a.01
1832,attachable.a.01,antonym,clastic.s.02
1833,attachable.a.01,antonym,detachable.a.01
1834,detachable.a.01,antonym,attachable.a.01
1835,detachable.a.01,antonym,bindable.s.01
1836,detachable.a.01,antonym,tie-on.s.01
1837,detachable.a.01,antonym,bindable.s.01
1838,detachable.a.01,antonym,clip-on.s.01
1839,wary.a.01,antonym,unguarded.s.02
1840,wary.a.01,antonym,unwary.a.01
1841,wary.a.01,antonym,gullible.s.02
1842,unwary.a.01,antonym,on_guard.s.01
1843,unwary.a.01,antonym,wary.a.01
1844,unwary.a.01,antonym,on_guard.s.01
1845,unwary.a.01,antonym,on_guard.s.01
1846,unwary.a.01,antonym,shy.s.03
1847,unwary.a.01,antonym,on_guard.s.01
1848,attentive.a.01,antonym,dreamy.s.01
1849,attentive.a.01,antonym,inattentive.a.01
1850,attentive.a.01,antonym,dreamy.s.01
1851,attentive.a.01,antonym,forgetful.s.03
1852,attentive.a.01,antonym,distracted.s.01
1853,attentive.a.01,antonym,absent.s.03
1854,attentive.a.01,antonym,drowsy.s.02
1855,attentive.a.01,antonym,drowsy.s.02
1856,attentive.a.01,antonym,absent.s.03
1857,attentive.a.01,antonym,distracted.s.01
1858,attentive.a.01,antonym,absent.s.03
1859,attentive.a.01,antonym,dreamy.s.01
1860,attentive.a.01,antonym,absent.s.03
1861,attentive.a.01,antonym,forgetful.s.03
1862,attentive.a.01,antonym,drowsy.s.02
1863,inattentive.a.01,antonym,advertent.s.01
1864,inattentive.a.01,antonym,attentive.a.01
1865,inattentive.a.01,antonym,observant.s.01
1866,inattentive.a.01,antonym,solicitous.s.02
1867,inattentive.a.01,antonym,captive.s.02
1868,inattentive.a.01,antonym,captive.s.02
1869,inattentive.a.01,antonym,advertent.s.01
1870,inattentive.a.01,antonym,captive.s.02
1871,inattentive.a.01,antonym,captive.s.02
1872,inattentive.a.01,antonym,oversolicitous.s.01
1873,inattentive.a.01,antonym,captive.s.02
1874,inattentive.a.01,antonym,captive.s.02
1875,attractive.a.01,antonym,subfusc.s.01
1876,attractive.a.01,antonym,unattractive.a.01
1877,attractive.a.01,antonym,homely.s.01
1878,attractive.a.01,antonym,unprepossessing.s.01
1879,attractive.a.01,antonym,homely.s.01
1880,attractive.a.01,antonym,unprepossessing.s.01
1881,unattractive.a.01,antonym,fetching.s.01
1882,unattractive.a.01,antonym,cunning.s.01
1883,unattractive.a.01,antonym,photogenic.s.01
1884,unattractive.a.01,antonym,hypnotic.s.02
1885,unattractive.a.01,antonym,winsome.s.01
1886,unattractive.a.01,antonym,bewitching.s.01
1887,unattractive.a.01,antonym,bewitching.s.01
1888,unattractive.a.01,antonym,charismatic.s.01
1889,unattractive.a.01,antonym,attractive.a.01
1890,unattractive.a.01,antonym,bewitching.s.01
1891,unattractive.a.01,antonym,personable.s.01
1892,unattractive.a.01,antonym,dinky.s.02
1893,unattractive.a.01,antonym,bewitching.s.01
1894,unattractive.a.01,antonym,hypnotic.s.02
1895,unattractive.a.01,antonym,glossy.s.03
1896,unattractive.a.01,antonym,glossy.s.03
1897,unattractive.a.01,antonym,prepossessing.s.01
1898,unattractive.a.01,antonym,hypnotic.s.02
1899,unattractive.a.01,antonym,bewitching.s.01
1900,unattractive.a.01,antonym,bewitching.s.01
1901,unattractive.a.01,antonym,fetching.s.01
1902,unattractive.a.01,antonym,irresistible.s.02
1903,unattractive.a.01,antonym,charismatic.s.01
1904,unattractive.a.01,antonym,engaging.s.01
1905,unattractive.a.01,antonym,hypnotic.s.02
1906,unattractive.a.01,antonym,cunning.s.01
1907,unattractive.a.01,antonym,fetching.s.01
1908,unattractive.a.01,antonym,engaging.s.01
1909,attractive.a.03,antonym,repulsive.a.02
1910,repulsive.a.02,antonym,attractive.a.03
1911,appealing.a.01,antonym,off-putting.s.02
1912,appealing.a.01,antonym,unattractive.s.02
1913,appealing.a.01,antonym,unappealing.a.02
1914,unappealing.a.02,antonym,appealing.a.01
1915,unappealing.a.02,antonym,attention-getting.s.02
1916,unappealing.a.02,antonym,attractive.s.02
1917,unappealing.a.02,antonym,attention-getting.s.02
1918,attributable.a.01,antonym,unattributable.a.01
1919,unattributable.a.01,antonym,ascribable.s.01
1920,unattributable.a.01,antonym,ascribable.s.01
1921,unattributable.a.01,antonym,ascribable.s.01
1922,unattributable.a.01,antonym,ascribable.s.01
1923,unattributable.a.01,antonym,credited.s.01
1924,unattributable.a.01,antonym,credited.s.01
1925,unattributable.a.01,antonym,attributable.a.01
1926,unattributable.a.01,antonym,attributable.a.01
1927,unattributable.a.01,antonym,ascribable.s.01
1928,unattributable.a.01,antonym,ascribable.s.01
1929,unattributable.a.01,antonym,traceable.s.01
1930,unattributable.a.01,antonym,traceable.s.01
1931,unattributable.a.01,antonym,ascribable.s.01
1932,unattributable.a.01,antonym,ascribable.s.01
1933,attributive.a.01,antonym,predicative.a.01
1934,attributive.a.01,antonym,predicative.a.01
1935,predicative.a.01,antonym,attributive.a.01
1936,predicative.a.01,antonym,attributive_genitive.s.01
1937,pregnant.a.01,antonym,nonpregnant.a.01
1938,nonpregnant.a.01,antonym,big.s.13
1939,nonpregnant.a.01,antonym,big.s.13
1940,nonpregnant.a.01,antonym,big.s.13
1941,nonpregnant.a.01,antonym,big.s.13
1942,nonpregnant.a.01,antonym,pregnant.a.01
1943,nonpregnant.a.01,antonym,big.s.13
1944,nonpregnant.a.01,antonym,big.s.13
1945,nonpregnant.a.01,antonym,big.s.13
1946,nonpregnant.a.01,antonym,big.s.13
1947,audible.a.01,antonym,breathed.s.01
1948,audible.a.01,antonym,breathed.s.01
1949,audible.a.01,antonym,inaudible.a.01
1950,audible.a.01,antonym,inaudible.a.01
1951,audible.a.01,antonym,infrasonic.s.01
1952,audible.a.01,antonym,infrasonic.s.01
1953,audible.a.01,antonym,supersonic.s.02
1954,audible.a.01,antonym,supersonic.s.02
1955,audible.a.01,antonym,unheard.s.01
1956,audible.a.01,antonym,unheard.s.01
1957,audible.a.01,antonym,supersonic.s.02
1958,audible.a.01,antonym,supersonic.s.02
1959,audible.a.01,antonym,silent.s.04
1960,audible.a.01,antonym,silent.s.04
1961,audible.a.01,antonym,silent.s.04
1962,audible.a.01,antonym,silent.s.04
1963,audible.a.01,antonym,breathed.s.01
1964,audible.a.01,antonym,breathed.s.01
1965,inaudible.a.01,antonym,sonic.s.02
1966,inaudible.a.01,antonym,sonic.s.02
1967,inaudible.a.01,antonym,audible.a.01
1968,inaudible.a.01,antonym,audible.a.01
1969,inaudible.a.01,antonym,sounding.s.03
1970,inaudible.a.01,antonym,sounding.s.03
1971,inaudible.a.01,antonym,clunky.s.02
1972,inaudible.a.01,antonym,clunky.s.02
1973,sonic.a.01,antonym,subsonic.a.01
1974,sonic.a.01,antonym,subsonic.a.01
1975,sonic.a.01,antonym,supersonic.a.01
1976,sonic.a.01,antonym,supersonic.a.01
1977,subsonic.a.01,antonym,sonic.a.01
1978,subsonic.a.01,antonym,supersonic.a.01
1979,supersonic.a.01,antonym,sonic.a.01
1980,supersonic.a.01,antonym,subsonic.a.01
1981,auspicious.a.01,antonym,inauspicious.a.01
1982,auspicious.a.01,antonym,unpromising.s.01
1983,inauspicious.a.01,antonym,bright.s.10
1984,inauspicious.a.01,antonym,bright.s.10
1985,inauspicious.a.01,antonym,auspicious.a.01
1986,inauspicious.a.01,antonym,auspicious.a.01
1987,inauspicious.a.01,antonym,bright.s.10
1988,inauspicious.a.01,antonym,bright.s.10
1989,inauspicious.a.01,antonym,bright.s.10
1990,inauspicious.a.01,antonym,bright.s.10
1991,inauspicious.a.01,antonym,fortunate.s.03
1992,inauspicious.a.01,antonym,fortunate.s.03
1993,inauspicious.a.01,antonym,fortunate.s.03
1994,inauspicious.a.01,antonym,fortunate.s.03
1995,propitious.a.01,antonym,ill.s.05
1996,propitious.a.01,antonym,unpropitious.a.01
1997,propitious.a.01,antonym,ill.s.05
1998,propitious.a.01,antonym,thunderous.s.02
